"CASEID","POINT_X","POINT_Y","YEAR_","LOCATION","CHPTYPE","DAYWEEK","CRASHSEV","VIOLCAT","KILLED","INJURED","WEATHER1","PEDCOL","BICCOL","MCCOL","TRUCKCOL","ETOH","TIMECAT","MONTH_","CRASHTYP","INVOLVE","PED","PRIMARYRD","SECONDRD","DISTANCE","DIRECT","INTERSECT_","PROCDATE","JURIS","DATE_","TIME_","BADGE","JURIDIST","SHIFT","POP","SPECIAL","BEATTYPE","LAPDDIV","BEATCLAS","BEATNUMB","WEATHER2","STATEHW","CALTRANC","CALTRAND","STROUTE","ROUTESUF","POSTPRE","POSTMILE","LOCATYPE","RAMP","SIDEHW","TOWAWAY","PARTIES","PCF","VIOLCODE","VIOL","VIOLSUB","HITRUN","ROADSURF","RDCOND1","RDCOND2","LIGHTING","RIGHTWAY","CHPRDTYP","NOTPRIV","STFAULT","CHPFAULT","SEVINJ","OTHERINJ","COP","PEDKILL","PEDINJ","BICKILL","BICINJ","MCKILL","MCINJURE","RAMP1","RAMP2","CITY","COUNTY","STATE","X_CHP","Y_CHP"
"3525558",-121.590988817,39.143755842,2007,"5801","0","5","4","01",0,1,"A",,,,,"Y",2100,11,"D","C","A","E ST","8TH ST",0,,"Y","2008-06-18",5801,"2007-11-16",1933,"310","5801","5","3","0","0",,"0",,"-","Y","YUB",3,70,"-","-",14.63,"I","5","E","Y",2,"A","-",23153,"A","F","A","H","-","C","A","0","Y","A","01",0,0,1,0,0,0,0,0,0,"-","-","MARYSVILLE","YUBA","CA",0,0
"3526586",-121.394259539,39.3225517273,2008,"5800","3","3","4","11",0,1,"A","Y",,,,,1500,1,"G","B","D","LOMA RICA RD","BRANDIE DR",528,"N","N","2008-08-08",9285,"2008-01-02",1455,"00994",,"2","9","0","1",,"2","061","-","N",,0,0,,,0,,,,"N",2,"A","-",21954,"A","N","A","H","-","A","D","0","Y","N","60",0,0,1,0,1,0,0,0,0,"-","-","UNINCORPORATED","YUBA","CA",0,0
"3526602",-121.519168652,39.200706304,2008,"5800","4","4","2","03",0,4,"B",,,,,,1800,1,"C","C","A","RT 20","MEYER LN",110,"W","N","2008-08-19",9285,"2008-01-03",1505,"01579",,"2","9","0","2",,"2","062","-","Y","YUB",3,20,"-","R",6.8,"H","-","E","Y",3,"A","-",22350,,"N","B","H","-","A","D","0","Y","A","01",1,3,0,0,0,0,0,0,0,"-","-","UNINCORPORATED","YUBA","CA",0,0
"3530587",-121.570534701,39.1621932983,2008,"5801","0","3","3","03",0,1,"B",,,,,,1800,1,"H","J","A","HALL ST","HALL ST 2316",0,,"-","2008-08-08",5801,"2008-01-09",1604,"315","5801","5","3","0","0",,"0","003","-","N",,0,0,,,0,,,,"Y",1,"A","-",22350,,"N","B","H","-","A","D","0","Y","A","01",0,1,0,0,0,0,0,0,0,"-","-","MARYSVILLE","YUBA","CA",0,0
"3533798",-121.589952821,39.159629297,2007,"5801","0","7","4","03",0,1,"A",,,,,,2100,9,"C","C","A","RT 70","BINNY JUNCTION",467,"N","N","2008-03-25",5801,"2007-09-02",2056,"309","5801","5","3","0","0",,"0","00E","-","Y","YUB",3,70,"-","-",15.5,"H","-","W","Y",2,"A","-",22350,,"F","A","H","-","D","D","0","Y","A","07",0,0,1,0,0,0,0,0,0,"-","-","MARYSVILLE","YUBA","CA",0,0
"3537421",-121.587803543,39.144925402,2007,"5801","0","5","3","07",0,2,"A",,,,,,300,10,"E","I","A","RT 20","C ST",0,,"Y","2008-04-22",5801,"2007-10-26",29,"310","5801","5","3","0","0",,"0",,"-","Y","YUB",3,20,"-","-",1.17,"H","-","W","Y",1,"A","-",21658,"A","N","A","H","-","C","D","0","Y","D","22",0,1,1,0,0,0,0,0,0,"-","-","MARYSVILLE","YUBA","CA",0,0
"3537426",-121.59789622,39.138217926,2007,"5801","0","4","4","07",0,1,"A",,,,,,600,10,"E","I","A","J ST","4TH ST",97,"S","-","2008-04-11",5801,"2007-10-04",314,"310","5801","5","3","0","0",,"0","002","-","N",,0,0,,,0,,,,"Y",1,"A","-",21658,"A","N","A","H","-","C","D","0","Y","B","01",0,0,1,0,0,0,0,0,0,"-","-","MARYSVILLE","YUBA","CA",0,0
"3537430",-121.590891916,39.161686855,2007,"5801","0","6","3","01",0,1,"A",,,,,,1800,10,"F","A","A","RT 70","EAST 24TH ST",1584,"N","N","2008-04-22",5801,"2007-10-06",1704,"SAM2","MARY","5","3","0","0",,"0",,"-","Y","YUB",3,70,"-","-",15.65,"H","-","E","Y",1,"A","-",23153,,"N","A","H","-","A","D","0","Y","B","01",0,1,0,0,0,0,0,0,0,"-","-","MARYSVILLE","YUBA","CA",0,0
"3548817",-121.365653571,39.3532218933,2007,"5800","5","6","4","03",0,2,"A",,,,,,1800,12,"C","C","A","LOS VERJELES RD","LOMA RICA RD",7392,"N","N","2008-07-01",9285,"2007-12-08",1750,"00994",,"2","9","0","3",,"2","008","-","N",,0,0,,,0,,,,"Y",2,"A","-",22350,,"N","A","H","-","D","D","0","Y","D","22",0,0,2,0,0,0,0,0,0,"-","-","UNINCORPORATED","YUBA","CA",0,0
"3548829",0,0,2007,"5800","4","1","4","17",0,1,"A",,,,,,2400,12,"E","J","A","LA PORTE RD","LAGUE RD",600,"S","N","2008-07-01",9285,"2007-12-10",2315,"00994",,"3","9","0","2",,"2","082","-","N",,0,0,,,0,,,,"Y",1,"A","-",21662,"A","N","A","H","-","D","D","0","Y","A","01",0,0,1,0,0,0,0,0,0,"-","-","UNINCORPORATED","YUBA","CA",0,0
"3548833",-121.589913201,39.135445163,2007,"5800","3","4","4","03",0,2,"A",,,,,,1500,12,"C","C","A","RT 70","1ST ST",528,"S","N","2008-08-08",9285,"2007-12-13",1445,"01474",,"2","9","0","1",,"1","020","-","Y","YUB",3,70,"-","-",13.98,"H","-","W","N",3,"A","-",22350,,"N","A","H","-","A","D","4","Y","A","07",0,0,2,0,0,0,0,0,0,"-","-","UNINCORPORATED","YUBA","CA",0,0
"3548837",-121.541512116,39.080939029,2007,"5800","4","4","4","03",0,1,"A",,,,,,900,12,"C","C","A","MCGOWAN PKWY","RT 70",78,"E","N","2008-07-30",9285,"2007-12-13",642,"01223",,"1","9","0","2",,"1","022","-","Y","YUB",3,70,"-","R",7.596,"R","4","E","N",3,"A","-",22350,,"N","A","H","-","C","D","0","Y","A","07",0,0,1,0,0,0,0,0,0,"-","-","UNINCORPORATED","YUBA","CA",0,0
"3548877",-121.299255142,39.204589257,2007,"5800","3","6","4","08",0,1,"A",,,,,"Y",300,12,"F","A","A","RT 20","HAMMONTON SMARTVILLE RD",4224,"W","N","2008-07-29",9285,"2007-12-08",115,"01584",,"3","9","0","1",,"2","072","-","Y","YUB",3,20,"-","-",20.5,"H","-","W","Y",1,"A","-",22107,,"N","A","H","-","D","D","0","Y","D","22",0,0,1,0,0,0,0,0,0,"-","-","UNINCORPORATED","YUBA","CA",0,0
"3548904",-121.599871795,39.144914105,2007,"5801","0","3","4","03",0,1,"A","Y",,,,,2100,12,"C","C","E","RT 20","I ST",610,"W","N","2008-06-17",5801,"2007-12-12",1800,"01474",,"5","3","0","0",,"0","901","-","Y","YUB",3,20,"-","-",0.45,"H","-","E",,5,"A","-",22350,,"N","A","H","-","C","D","0","Y","D","22",0,0,1,0,1,0,0,0,0,"-","-","MARYSVILLE","YUBA","CA",0,0
"3548985",-121.543312216,38.977765984,2007,"5800","3","7","2","09",0,2,"A",,,,,,1500,12,"D","C","A","RT 70","FEATHER RIVER BL",0,,"Y","2008-06-25",9285,"2007-12-02",1445,"01504",,"2","9","0","1",,"1","020","-","Y","YUB",3,70,"-","R",0.354,"I","5","W","Y",2,"A","-",21453,"C","N","A","H","-","A","A","0","Y","A","01",2,0,0,0,0,0,0,0,0,"-","-","UNINCORPORATED","YUBA","CA",0,0
"3549013",-121.548901866,39.1249656677,2007,"5800","5","5","2","08",0,2,"A",,,,,,300,12,"E","I","A","ASH DR","PARK CIR",40,"N","N","2008-06-14",9285,"2007-12-14",15,"01753",,"3","9","0","3",,"2","004","-","N",,0,0,,,0,,,,"Y",1,"A","-",22107,,"N","A","H","-","C","D","0","Y","A","01",1,0,1,0,0,0,0,0,0,"-","-","UNINCORPORATED","YUBA","CA",0,0
"3549037",-121.557344753,39.1122093201,2007,"5800","4","1","3","08",0,1,"A",,,,,,2100,12,"F","A","A","LINDHURST AV","ERLE RD",500,"S","N","2008-06-14",9285,"2007-12-24",1905,"01753",,"2","9","0","2",,"1","022","-","N",,0,0,,,0,,,,"Y",1,"A","-",22107,,"N","A","H","-","C","D","0","Y","D","22",0,1,0,0,0,0,0,0,0,"-","-","UNINCORPORATED","YUBA","CA",0,0
"3556325",-121.596409982,39.1490783691,2007,"5801","0","4","3","21",0,1,"A",,,,,"Y",2100,12,"E","C","A","H ST","13TH ST",115,"N","N","2008-06-12",5801,"2007-12-20",2047,"SAM4","5801","5","3","0","0",,"0","00W","-","N",,0,0,,,0,,,,"Y",2,"A","-",22106,,"N","A","H","-","C","D","0","Y","A","01",0,1,0,0,0,0,0,0,0,"-","-","MARYSVILLE","YUBA","CA",0,0
"3556329",-121.586935855,39.148427443,2007,"5801","0","6","4","03",0,1,"B",,,,,,1200,12,"C","C","A","EAST 12TH ST","B ST",16,"E","N","2008-06-18",5801,"2007-12-22",929,"315","5801","5","3","0","0",,"0","003","-","Y","YUB",3,20,"-","-",1.48,"H","-","W","N",2,"A","-",22350,,"N","A","H","-","A","A","0","Y","A","01",0,0,1,0,0,0,0,0,0,"-","-","MARYSVILLE","YUBA","CA",0,0
"3556336",-121.599315497,39.214523984,2007,"5800","3","1","4","09",0,2,"A",,,,,,1800,12,"D","C","A","RT 70","NOBLE RD",2112,"N","N","2008-06-30",9285,"2007-12-24",1750,"01084",,"2","9","0","1",,"1","060","-","Y","YUB",3,70,"-","-",19.33,"H","-","W","Y",2,"A","-",21801,"A","N","A","H","-","D","D","0","Y","D","22",0,0,2,0,0,0,0,0,0,"-","-","UNINCORPORATED","YUBA","CA",0,0
"3556347",-121.541512116,39.080939029,2007,"5800","4","5","4","10",0,1,"A","Y",,,,,900,12,"G","B","B","RT 70","MCGOWAN PKWY",4,"N","N","2008-06-30",9285,"2007-12-14",750,"01251",,"1","9","0","2",,"1","022","-","Y","YUB",3,70,"-","R",7.596,"R","4","E","N",2,"A","-",21950,"A","F","A","H","-","A","D","0","Y","A","01",0,0,1,0,1,0,0,0,0,"-","-","UNINCORPORATED","YUBA","CA",0,0
"3556359",-121.555142725,39.1276245117,2007,"5800","4","2","4","03",0,1,"B",,,,,,1200,12,"C","C","A","NORTH BEALE RD","HAMMONTON SMARTVILLE RD",125,"E","N","2008-06-13",9285,"2007-12-18",950,"01251",,"1","9","0","2",,"1","041","C","N",,0,0,,,0,,,,"Y",2,"A","-",22350,,"N","B","H","-","A","D","0","Y","A","01",0,0,1,0,0,0,0,0,0,"-","-","UNINCORPORATED","YUBA","CA",0,0
"3556360",-121.55549624,39.1277236938,2007,"5800","4","4","4","03",0,1,"C",,,,,,2100,12,"C","C","A","HAMMONTON SMARTVILLE RD","BEALE RD",47,"N","N","2008-06-13",9285,"2007-12-06",1900,"01504",,"2","9","0","2",,"1","042","-","N",,0,0,,,0,,,,"N",2,"A","-",22350,,"N","B","H","-","C","A","0","Y","D","23",0,0,1,0,0,0,0,0,0,"-","-","UNINCORPORATED","YUBA","CA",0,0
"3556433",-121.577353183,39.0064735413,2007,"5800","5","1","4","12",0,2,"A",,,,,,300,11,"D","C","A","FEATHER RIVER BL","ALGODON RD",0,,"Y","2008-06-04",9285,"2007-11-05",20,"01587",,"3","9","0","3",,"2","002","-","N",,0,0,,,0,,,,"Y",2,"A","-",22450,,"F","A","H","-","D","A","0","Y","D","22",0,0,2,0,0,0,0,0,0,"-","-","UNINCORPORATED","YUBA","CA",0,0
"3576736",-121.034995122,39.494394325,2008,"5800","3","2","4","03",0,1,"B",,,,,,1500,1,"E","I","A","RT 49","SIERRA CO LINE",950,"S","N","2008-09-18",9230,"2008-01-22",1215,"11812",,"1","9","0","1",,"1","081","D","Y","YUB",3,49,"-","-",9.19,"H","-","S","Y",1,"A","-",22350,,"N","C","H","-","A","A","0","Y","A","08",0,0,1,0,0,0,0,0,0,"-","-","UNINCORPORATED","YUBA","CA",0,0
"3582013",-121.22256994,39.4856910706,2007,"5800","4","5","3","05",0,2,"D",,,,,,1500,1,"A","C","A","LA PORTE RD","OREGON HILL RD",792,"N","N","2008-07-14",9285,"2007-01-05",1315,"01084",,"1","9","0","2",,"2","081","-","N",,0,0,,,0,,,,"N",2,"A","-",21650,,"N","C","H","-","A","D","0","Y","D","22",0,1,1,0,0,0,0,0,0,"-","-","UNINCORPORATED","YUBA","CA",0,0
"3582017",-121.330402238,39.2195587158,2008,"5800","5","7","2","05",0,1,"B",,,"Y",,,1500,1,"A","C","A","TIMBUCTOO RD","RT 20",1056,"N","N","2008-07-14",9285,"2008-01-06",1200,"01579",,"1","9","0","3",,"2","006","-","N",,0,0,,,0,,,,"N",2,"A","-",21650,,"N","B","H","-","A","D","0","Y","D","22",1,0,0,0,0,0,0,0,1,"-","-","UNINCORPORATED","YUBA","CA",0,0
"3582040",-121.430227273,39.225598396,2008,"5800","4","6","3","00",0,1,"B",,,,,,1800,1,"H","A","A","RT 20","MARYSVILLE RD",4224,"W","N","2008-08-20",9285,"2008-01-12",1525,"01504",,"2","9","0","2",,"2","062","-","Y","YUB",3,20,"-","-",12.4,"H","-","W","N",1,"D","-",0,,"N","A","H","-","A","D","0","Y","-","-",0,1,0,0,0,0,0,0,0,"-","-","UNINCORPORATED","YUBA","CA",0,0
"3582048",-121.549623109,39.1277503967,2008,"5800","5","3","4","09",0,1,"A",,"Y",,,,1800,1,"H","G","A","ALBRECHT AV","NORTH BEALE RD",6,"S","N","2008-07-15",9285,"2008-01-16",1600,"01504",,"2","9","0","3",,"2","004","-","N",,0,0,,,0,,,,"N",2,"A","-",21801,"A","N","A","H","-","A","D","0","Y","A","07",0,0,1,0,0,0,1,0,0,"-","-","UNINCORPORATED","YUBA","CA",0,0
"3587763",-121.255790441,39.4776687622,2008,"5800","4","7","4","00",0,3,"A",,,,,,1500,1,"E","I","A","LA PORTE RD","NEW YORK FLAT RD",2376,"N","N","2008-07-23",9285,"2008-01-13",1350,"01084",,"1","9","0","2",,"2","081","-","N",,0,0,,,0,,,,"Y",1,"D","-",0,,"N","B","H","-","A","D","0","Y","-","-",0,0,3,0,0,0,0,0,0,"-","-","UNINCORPORATED","YUBA","CA",0,0
"3587767",-121.388926771,39.2873344421,2008,"5800","3","3","2","03",0,2,"A",,,,,,2100,1,"C","C","A","MARYSVILLE RD","FRUITLAND RD",68,"S","N","2008-07-23",9285,"2008-01-16",1835,"01579",,"2","9","0","1",,"2","061","-","N",,0,0,,,0,,,,"Y",2,"A","-",22350,,"N","A","H","-","D","D","0","Y","D","22",1,1,0,0,0,0,0,0,0,"-","-","UNINCORPORATED","YUBA","CA",0,0
"3587798",0,0,2008,"5800","4","2","3","01",0,2,"B",,,,,"Y",1500,1,"D","C","A","MARYSVILLE RD","STERLING TRL",0,,"Y","2008-07-22",9285,"2008-01-22",1405,"00994",,"2","9","0","2",,"2","081","-","N",,0,0,,,0,,,,"Y",2,"A","-",23152,"A","N","B","H","-","A","D","0","Y","A","07",0,1,1,0,0,0,0,0,0,"-","-","UNINCORPORATED","YUBA","CA",0,0
"3587822",-121.505605728,39.1449356079,2008,"5800","5","6","2","03",0,1,"A",,,"Y",,,1800,1,"F","A","A","HAMMONTON RD","HAMMONTON SMARTVILLE RD",19536,"N","N","2008-07-22",9285,"2008-01-19",1710,"01504",,"2","9","0","3",,"2","004","-","N",,0,0,,,0,,,,"N",1,"A","-",22350,,"N","A","B","-","B","D","0","Y","C","02",1,0,0,0,0,0,0,0,1,"-","-","UNINCORPORATED","YUBA","CA",0,0
"3587826",0,0,2008,"5800","5","5","3","03",0,1,"A",,,,,,2100,1,"E","I","A","NEW YORK FLAT RD","LA PORTE RD",2640,"W","N","2008-07-22",9285,"2008-01-18",2030,"01162",,"2","9","0","3",,"2","008","-","N",,0,0,,,0,,,,"Y",1,"A","-",22350,,"N","A","B","-","D","D","0","Y","J","48",0,1,0,0,0,0,0,0,0,"-","-","UNINCORPORATED","YUBA","CA",0,0
"3587838",-121.555679412,39.2652053833,2008,"5800","5","2","4","08",0,1,"E",,,,,,600,1,"E","I","A","RAMIREZ RD","MATHEWS LN",4752,"W","N","2008-07-22",9285,"2008-01-15",550,"01251",,"3","9","0","3",,"2","006","-","N",,0,0,,,0,,,,"N",1,"A","-",22107,,"N","B","H","-","D","D","0","Y","A","07",0,0,1,0,0,0,0,0,0,"-","-","UNINCORPORATED","YUBA","CA",0,0
"3590462",-121.33665813,39.1960716248,2008,"5800","4","5","3","03",0,1,"B",,,,,,900,2,"E","I","A","HAMMONTON SMARTVILLE RD","SMARTVILLE RD",10560,"W","N","2008-08-26",9285,"2008-02-01",600,"01162",,"1","9","0","2",,"1","042","-","N",,0,0,,,0,,,,"Y",1,"A","-",22350,,"N","B","H","-","B","D","0","Y","A","01",0,1,0,0,0,0,0,0,0,"-","-","UNINCORPORATED","YUBA","CA",0,0
"3592328",-121.512873199,39.213255176,2008,"5800","4","7","4","09",0,1,"B",,,,,,1500,1,"D","C","A","RT 20","WOODRUFF LN",0,,"Y","2008-08-20",9285,"2008-01-20",1315,"01307",,"1","9","0","2",,"2","062","-","Y","YUB",3,20,"-","R",7.762,"I","5","W","Y",2,"A","-",21802,"A","N","A","H","-","A","A","0","Y","A","01",0,0,1,0,0,0,0,0,0,"-","-","UNINCORPORATED","YUBA","CA",0,0
"3592336",-121.575793197,39.1256446838,2008,"5800","4","7","4","12",0,1,"A",,,,,,1800,1,"D","C","A","NORTH BEALE RD","FEATHER RIVER BL",0,,"Y","2008-07-24",9285,"2008-01-20",1500,"01162",,"2","9","0","2",,"1","041","-","N",,0,0,,,0,,,,"N",2,"A","-",21453,"A","N","A","H","-","A","D","0","Y","A","01",0,0,1,0,0,0,0,0,0,"-","-","UNINCORPORATED","YUBA","CA",0,0
"3592359",-121.59020742,39.137183643,2008,"5800","3","1","4","03",0,1,"A",,,,,,1500,1,"F","A","A","RT 70","1ST ST",51,"S","N","2008-09-03",9285,"2008-01-28",1232,"01224",,"1","9","0","1",,"1","020","-","Y","YUB",3,70,"-","-",14.117,"R","2","W","Y",1,"A","-",22350,,"N","A","H","-","A","D","4","Y","A","07",0,0,1,0,0,0,0,0,0,"-","-","UNINCORPORATED","YUBA","CA",0,0
"3592363",-121.54546318,39.029785157,2008,"5800","3","2","3","09",0,2,"B",,,,,,900,1,"D","C","A","RT 70","PLUMAS ARBOGA RD",0,,"Y","2008-09-03",9285,"2008-01-29",740,"01224",,"1","9","0","1",,"1","020","-","Y","YUB",3,70,"-","R",4.34,"I","5","W","Y",2,"A","-",21802,"A","N","A","H","-","A","A","0","Y","A","01",0,1,1,0,0,0,0,0,0,"-","-","UNINCORPORATED","YUBA","CA",0,0
"3606646",-121.516445421,39.203953693,2008,"5800","4","7","4","03",0,1,"A",,,,,,1200,2,"C","C","A","RT 20","HALLWOOD BL",300,"E","N","2008-09-18",9285,"2008-02-17",950,"01584",,"1","9","0","2",,"2","062","-","Y","YUB",3,20,"-","R",7.08,"H","-","E","Y",2,"A","-",22350,,"N","A","H","-","A","D","0","Y","A","07",0,0,1,0,0,0,0,0,0,"-","-","UNINCORPORATED","YUBA","CA",0,0
"3607487",-121.595546671,39.277005779,2008,"5800","3","3","2","08",0,2,"A",,,,,,1800,2,"F","A","A","RT 70","RAMIREZ RD",3696,"N","N","2008-10-02",9285,"2008-02-06",1532,"01579",,"2","9","0","1",,"1","060","-","Y","YUB",3,70,"-","-",23.63,"H","-","E","Y",1,"A","-",22107,,"N","A","H","-","A","D","0","Y","D","22",2,0,0,0,0,0,0,0,0,"-","-","UNINCORPORATED","YUBA","CA",0,0
"3607694",-121.562719898,39.1131057739,2008,"5800","5","1","4","01",0,3,"B",,,,,"Y",1200,1,"C","C","A","ERLE RD","CHESTNUT RD",52,"E","N","2008-07-17",9285,"2008-01-21",1135,"01251",,"1","9","0","3",,"2","002","-","N",,0,0,,,0,,,,"N",2,"A","-",23152,"A","F","A","H","-","A","A","0","Y","D","22",0,0,3,0,0,0,0,0,0,"-","-","UNINCORPORATED","YUBA","CA",0,0
"3607753",-121.558487232,39.1133308411,2008,"5800","5","5","3","12",0,1,"A",,"Y",,,,2100,1,"H","G","A","LINDHURST AV","ERLE RD",24,"N","N","2008-07-18",9285,"2008-01-18",1900,"01551",,"2","9","0","3",,"2","004","-","N",,0,0,,,0,,,,"N",2,"A","-",21453,"A","N","A","H","-","C","A","0","Y","L","04",0,1,0,0,0,0,1,0,0,"-","-","UNINCORPORATED","YUBA","CA",0,0
"3607757",-121.335804686,39.22081451,2008,"5800","4","2","3","05",0,1,"B",,,,,,1800,1,"E","I","A","RT 20","PARKS BAR BR",1584,"W","N","2008-08-20",9285,"2008-01-29",1600,"01396",,"2","9","0","2",,"2","062","C","Y","YUB",3,20,"-","R",17.71,"H","-","W","Y",1,"A","-",21650,,"N","B","H","-","A","D","0","Y","A","07",0,1,0,0,0,0,0,0,0,"-","-","UNINCORPORATED","YUBA","CA",0,0
"3607811",0,0,2008,"5800","4","4","4","09",0,1,"B",,,,,,900,2,"D","C","A","MCGOWAN PKWY","FLEMING AV",54,"W","N","2008-08-26",9285,"2008-02-21",755,"01224",,"1","9","0","2",,"1","022","-","N",,0,0,,,0,,,,"N",2,"A","-",21804,"A","N","B","H","-","A","D","0","Y","A","01",0,0,1,0,0,0,0,0,0,"-","-","UNINCORPORATED","YUBA","CA",0,0
"3609135",-121.595723203,39.1442756653,2008,"5801","0","4","4","09",0,1,"B",,,,,,1800,1,"B","C","A","9TH ST","H ST",0,,"Y","2008-07-15",5801,"2008-01-03",1656,"310","5801","5","3","0","0",,"0",,"-","N",,0,0,,,0,,,,"N",2,"A","-",21802,"A","N","B","H","-","C","D","0","Y","A","01",0,0,1,0,0,0,0,0,0,"-","-","MARYSVILLE","YUBA","CA",0,0
"3646971",-121.584113202,39.148655165,2008,"5801","0","3","4","09",0,2,"A",,,,,,1800,3,"D","C","A","EAST 12TH ST","YUBA ST",0,,"Y","2008-10-09",5801,"2008-03-05",1714,"310","5801","5","3","0","0",,"0",,"-","Y","YUB",3,20,"-","-",1.633,"I","5","E","Y",2,"A","-",21801,"A","N","A","H","-","A","D","0","Y","D","22",0,0,2,0,0,0,0,0,0,"-","-","MARYSVILLE","YUBA","CA",0,0
"3646975",-121.410493169,39.1049957275,2008,"5801","0","1","4","12",0,1,"A",,,,,,1200,3,"D","C","A","E ST","9TH ST",0,,"Y","2008-09-30",5801,"2008-03-03",1150,"302","YUBA","5","3","0","0",,"0","001","-","N",,0,0,,,0,,,,"N",2,"A","-",21453,"A","N","A","H","-","A","A","0","Y","A","01",0,0,1,0,0,0,0,0,0,"-","-","MARYSVILLE","YUBA","CA",0,0
"3646979",-121.581123201,39.1488952637,2008,"5801","0","7","4","09",0,2,"A",,,,,,2500,3,"-","C","A","EAST 12TH ST","SWEZY ST",0,,"Y","2008-09-27",5801,"2008-03-09",2500,"305","5801","5","3","0","0",,"0",,"-","N",,0,0,,,0,,,,"N",2,"A","-",21802,"A","N","A","H","-","A","A","0","Y","A","08",0,0,2,0,0,0,0,0,0,"-","-","MARYSVILLE","YUBA","CA",0,0
"3647043",-121.598123203,39.1396141052,2008,"5801","0","1","3","04",0,1,"A",,,,,,1500,2,"C","C","A","5TH ST","J ST",0,,"Y","2008-09-12",5801,"2008-02-04",1447,"302","YUBA","5","3","0","0",,"0","001","-","N",,0,0,,,0,,,,"Y",3,"A","-",21703,,"N","A","H","-","A","A","0","Y","A","08",0,1,0,0,0,0,0,0,0,"-","-","MARYSVILLE","YUBA","CA",0,0
"3649461",-121.529708443,39.2653770447,2008,"5800","5","5","4","03",0,1,"B",,,,,,2100,2,"F","A","A","RAMIREZ RD","TANABE RD",60,"N","N","2008-09-16",9285,"2008-02-22",1935,"01587",,"2","9","0","3",,"2","006","-","N",,0,0,,,0,,,,"Y",1,"A","-",22350,,"N","A","H","-","D","A","0","Y","A","07",0,0,1,0,0,0,0,0,0,"-","-","UNINCORPORATED","YUBA","CA",0,0
"3649477",-121.523309953,39.19814066,2008,"5800","4","5","4","09",0,3,"B",,,,,,1800,2,"D","C","A","RT 20","HALLWOOD BL",2640,"W","N","2008-10-03",9285,"2008-02-22",1530,"15873",,"2","9","0","2",,"2","062","C","Y","YUB",3,20,"-","-",6.52,"H","-","E","N",2,"A","-",21801,"A","N","B","H","-","A","D","0","Y","A","07",0,0,3,0,0,0,0,0,0,"-","-","UNINCORPORATED","YUBA","CA",0,0
"3650733",-121.541587439,39.082007543,2007,"5800","3","6","3","05",0,2,"A",,,,,,1800,10,"F","A","A","RT 70","MCGOWAN PKWY",1584,"N","N","2008-04-23",9285,"2007-10-27",1649,"01587",,"2","9","0","1",,"1","020","-","Y","YUB",3,70,"-","R",7.67,"H","-","E","Y",1,"A","-",21650,,"N","A","H","-","A","D","0","Y","A","07",0,2,0,0,0,0,0,0,0,"-","-","UNINCORPORATED","YUBA","CA",0,0
"3653640",-121.570123886,39.120070991,2008,"5800","3","5","4","17",0,1,"A",,,,,,2100,2,"E","J","A","RT 70","ERLE RD",3960,"N","N","2008-10-07",9285,"2008-02-29",1923,"01587",,"2","9","0","1",,"1","020","-","Y","YUB",3,70,"-","R",10.91,"H","-","W","N",3,"A","-",23114,"A","N","A","C","-","D","D","1","Y","D","22",0,0,1,0,0,0,0,0,0,"-","-","UNINCORPORATED","YUBA","CA",0,0
"3653648",-121.336338773,39.221148679,2008,"5800","4","7","2","05",0,1,"C",,,,,,600,2,"E","I","A","RT 20","PARK BAR BRIDGE",3168,"E","N","2008-10-17",9285,"2008-02-24",545,"01584",,"3","9","0","2",,"2","062","-","Y","YUB",3,20,"-","R",17.59,"H","-","W","Y",1,"A","-",21650,,"N","B","H","-","D","D","0","Y","D","22",1,0,0,0,0,0,0,0,0,"-","-","UNINCORPORATED","YUBA","CA",0,0
"3653672",0,0,2008,"5800","3","5","3","01",0,4,"A",,,,,"Y",2400,2,"C","C","A","RT 99","RIEGO RD",4752,"N","N","2008-09-29",9285,"2008-02-29",2330,"01474",,"3","9","0","1",,"1","011","-","Y","SUT",3,99,"-","-",1.85,"H","-","S","Y",2,"A","-",23152,"A","N","A","H","-","D","D","5","Y","A","01",0,1,3,0,0,0,0,0,0,"-","-","UNINCORPORATED","YUBA","CA",0,0
"3653676",0,0,2008,"5800","4","1","3","01",0,1,"A",,,,,"Y",1800,2,"E","I","A","NORTH BEALE RD","WAL MART CTR",200,"S","N","2008-09-11",9285,"2008-02-18",1524,"01396",,"2","9","0","2",,"1","041","-","N",,0,0,,,0,,,,"Y",1,"A","-",23152,"A","M","A","H","-","A","A","0","Y","A","01",0,1,0,0,0,0,0,0,0,"-","-","UNINCORPORATED","YUBA","CA",0,0
"3653723",-121.566403195,39.1219940186,2008,"5800","5","7","4","06",0,1,"A",,,,,,2100,3,"B","C","A","LINDHURST AV","HAMMONTON RD WEST",0,,"Y","2008-10-16",9285,"2008-03-02",2040,"15048",,"2","9","0","3",,"2","004","-","N",,0,0,,,0,,,,"N",2,"A","-",21755,,"N","A","H","-","C","D","0","Y","A","01",0,0,1,0,0,0,0,0,0,"-","-","UNINCORPORATED","YUBA","CA",0,0