"CASEID","POINT_X","POINT_Y","YEAR_","LOCATION","CHPTYPE","DAYWEEK","CRASHSEV","VIOLCAT","KILLED","INJURED","WEATHER1","PEDCOL","BICCOL","MCCOL","TRUCKCOL","ETOH","TIMECAT","MONTH_","CRASHTYP","INVOLVE","PED","PRIMARYRD","SECONDRD","DISTANCE","DIRECT","INTERSECT_","PROCDATE","JURIS","DATE_","TIME_","BADGE","JURIDIST","SHIFT","POP","SPECIAL","BEATTYPE","LAPDDIV","BEATCLAS","BEATNUMB","WEATHER2","STATEHW","CALTRANC","CALTRAND","STROUTE","ROUTESUF","POSTPRE","POSTMILE","LOCATYPE","RAMP","SIDEHW","TOWAWAY","PARTIES","PCF","VIOLCODE","VIOL","VIOLSUB","HITRUN","ROADSURF","RDCOND1","RDCOND2","LIGHTING","RIGHTWAY","CHPRDTYP","NOTPRIV","STFAULT","CHPFAULT","SEVINJ","OTHERINJ","COP","PEDKILL","PEDINJ","BICKILL","BICINJ","MCKILL","MCINJURE","RAMP1","RAMP2","CITY","COUNTY","STATE","X_CHP","Y_CHP"
"4213029",-121.57792,39.15861,2009,"5801","0","6","4","21",0,1,"A",,,,,,1200,4,"H","B","A","COVILLAUD ST","RIDEOUT WY",0,,"Y","2009-12-18",5801,"2009-04-04",935,"302",,"5","3","0","0",,"0",,"-","N",,0,0,,,0,,,,"N",2,"A","-",22106,,"N","A","H","-","A","D","0","Y","A","01",0,0,1,0,0,0,0,0,0,"-","-","MARYSVILLE","YUBA","CA",0,0
"4215030",-121.55557,39.12761,2009,"5800","4","5","3","09",0,3,"A",,,,,,1200,3,"D","C","A","NORTH BEALE RD","HAMMONTON SMARTVILLE RD",0,,"Y","2009-11-07",9285,"2009-03-27",1111,"13077",,"1","9","0","2",,"1","041","-","N",,0,0,,,0,,,,"Y",2,"A","-",21453,"C","N","A","H","-","A","A","0","Y","D","22",0,1,2,0,0,0,0,0,0,"-","-","UNINCORPORATED","YUBA","CA",0,0
"4215788",-121.5788,39.12296,2009,"5800","4","1","4","01",0,1,"A",,,,,"Y",1800,4,"D","C","A","FEATHER RIVER BL","ARBOGA RD",0,,"Y","2009-12-16",9285,"2009-04-13",1740,"12237",,"2","9","0","2",,"1","021","-","N",,0,0,,,0,,,,"Y",3,"A","-",23152,"A","N","A","H","-","A","A","0","Y","A","01",0,0,1,0,0,0,0,0,0,"-","-","UNINCORPORATED","YUBA","CA",-121.57869,39.12323
"4221062",-121.5306,39.07748,2009,"5800","4","4","4","09",0,1,"A",,,,,,1800,4,"A","C","A","MCGOWAN PKWY","OLIVE AV",0,,"Y","2009-12-03",9285,"2009-04-23",1600,"17319",,"2","9","0","2",,"1","022","-","N",,0,0,,,0,,,,"Y",2,"A","-",21801,"A","N","A","H","-","A","D","0","Y","A","08",0,0,1,0,0,0,0,0,0,"-","-","UNINCORPORATED","YUBA","CA",0,0
"4221086",0,0,2009,"5800","5","3","4","18",0,1,"A",,,,,,1800,4,"E","H","A","FORTY MILE RD","PLUMAS ARBOGA RD",3696,"N","N","2009-12-02",9285,"2009-04-22",1710,"14740",,"2","9","0","3",,"2","004","-","N",,0,0,,,0,,,,"Y",1,"C","-",0,,"N","A","H","-","A","D","0","Y","-","-",0,0,1,0,0,0,0,0,0,"-","-","UNINCORPORATED","YUBA","CA",0,0
"4238078",-121.591078265,39.144526477,2009,"5801","0","7","4","03",0,2,"A",,,,,,1500,5,"C","C","A","E ST","9TH ST",22,"S","N","2010-02-01",5801,"2009-05-24",1303,"305","5801","5","3","0","0",,"0",,"-","Y","YUB",3,70,"-","-",14.69,"H","-","E","Y",2,"A","-",22350,,"N","A","H","-","A","A","0","Y","A","07",0,0,2,0,0,0,0,0,0,"-","-","MARYSVILLE","YUBA","CA",0,0
"4249719",-121.551984372,39.103666344,2009,"5800","3","3","2","01",0,1,"A",,,,,"Y",1500,4,"E","I","A","RT 70","OLIVEHURST AV",528,"N","N","2010-02-19",9285,"2009-04-22",1202,"13077",,"1","9","0","1",,"1","020","-","Y","YUB",3,70,"-","R",9.38,"H","-","W","Y",1,"A","-",23152,"A","N","A","H","-","A","D","1","Y","A","01",1,0,0,0,0,0,0,0,0,"-","-","UNINCORPORATED","YUBA","CA",-121.55517,39.10767
"4249731",-121.5662448,39.12186614,2009,"5800","4","1","4","03",0,2,"A",,,,,,1200,4,"C","C","A","LINDHURST AV","HAMMONTON RD",65,"S","N","2009-12-14",9285,"2009-04-20",1110,"13966",,"1","9","0","2",,"1","022","-","N",,0,0,,,0,,,,"N",2,"A","-",22350,,"N","A","H","-","A","A","0","Y","D","22",0,0,2,0,0,0,0,0,0,"-","-","UNINCORPORATED","YUBA","CA",-121.56569,39.12152
"4249743",-121.5791534,39.14252733,2009,"5800","5","7","3","01",0,3,"A",,,,,"Y",1500,4,"C","C","A","SIMPSON LN","BABBINGTON RD",2640,"N","N","2009-12-14",9285,"2009-04-05",1300,"13966",,"1","9","0","3",,"2","004","-","N",,0,0,,,0,,,,"Y",2,"A","-",23152,"A","N","A","H","-","A","D","0","Y","A","01",0,2,1,0,0,0,0,0,0,"-","-","UNINCORPORATED","YUBA","CA",-121.57221,39.14114
"4249747",-121.4243029,39.30824612,2009,"5800","3","4","3","01",0,1,"A",,,,,"Y",1800,4,"E","I","A","LOMA RICA RD","SMITH RD",1056,"N","N","2009-12-14",9285,"2009-04-23",1650,"10840",,"2","9","0","1",,"2","061","-","N",,0,0,,,0,,,,"Y",1,"A","-",23152,"A","N","A","H","-","A","D","0","Y","A","01",0,1,0,0,0,0,0,0,0,"-","-","UNINCORPORATED","YUBA","CA",0,0
"4249751",-121.388176,39.32751068,2009,"5800","3","7","3","01",0,2,"A",,,,,,2400,4,"E","I","A","LOMA RICA RD","LONE TREE WY",1320,"N","N","2009-12-14",9285,"2009-04-19",2230,"10840",,"3","9","0","1",,"2","061","-","N",,0,0,,,0,,,,"Y",1,"A","-",23152,"A","N","A","H","-","D","A","0","Y","A","07",0,2,0,0,0,0,0,0,0,"-","-","UNINCORPORATED","YUBA","CA",0,0
"4249847",0,0,2009,"5800","5","5","3","01",0,1,"A",,,,,"Y",300,5,"E","I","A","CAMP FAR WEST RD","WITCHITA WY",0,"E","N","2010-01-19",9285,"2009-05-08",230,"14740",,"3","9","0","3",,"2","004","-","N",,0,0,,,0,,,,"Y",1,"A","-",23152,"A","N","A","H","-","D","D","0","Y","D","22",0,1,0,0,0,0,0,0,0,"-","-","UNINCORPORATED","YUBA","CA",-121.29934,39.06707
"4249870",-121.5060246,39.23762565,2009,"5800","3","1","4","08",0,1,"A",,,,,,900,5,"-","I","A","LOMA RICA RD","RT 20",8976,"N","N","2010-01-22",9285,"2009-05-11",752,"14401",,"1","9","0","1",,"2","061","-","N",,0,0,,,0,,,,"Y",1,"A","-",22107,,"N","A","H","-","A","D","0","Y","D","22",0,0,1,0,0,0,0,0,0,"-","-","UNINCORPORATED","YUBA","CA",-121.50924,39.23378
"4249871",-121.52455,39.07759,2009,"5800","4","5","3","01",0,1,"B",,,,,"Y",2500,5,"E","I","A","MCGOWAN PKWY","RANCHO RD",90,"E","N","2010-01-20",9285,"2009-05-01",2500,"12305",,"4","9","0","2",,"1","022","-","N",,0,0,,,0,,,,"Y",1,"A","-",23152,"A","M","A","H","-","D","D","0","Y","A","07",0,1,0,0,0,0,0,0,0,"-","-","UNINCORPORATED","YUBA","CA",-121.52479,39.0775
"4249874",-121.3301918,39.34889916,2009,"5800","4","1","3","18",0,1,"A",,,"Y",,,900,5,"H","H","A","MARYSVILLE RD","COLLINS LAKE RD",2640,"N","N","2010-01-22",9285,"2009-05-11",848,"10840",,"1","9","0","2",,"2","081","-","N",,0,0,,,0,,,,"Y",1,"C","-",0,,"N","A","H","-","A","D","0","Y","-","-",0,1,0,0,0,0,0,0,1,"-","-","UNINCORPORATED","YUBA","CA",0,0
"4249902",-121.333395917,39.218461593,2009,"5800","4","5","3","03",0,1,"C",,,,,,1800,5,"E","I","A","RT 20","TIMBUCTOO RD",1056,"E","N","2010-02-05",9285,"2009-05-01",1755,"15048",,"2","9","0","2",,"2","062","-","Y","YUB",3,20,"-","R",18.39,"H","-","W","Y",1,"A","-",22350,,"N","B","H","-","A","A","0","Y","A","01",0,1,0,0,0,0,0,0,0,"-","-","UNINCORPORATED","YUBA","CA",-121.32791,39.21584
"4254141",-121.59892,39.13957,2009,"5801","0","4","4","03",0,1,"A",,,,,,1500,5,"C","C","A","5TH ST","OLIVE ST",702,"W","N","2010-02-22",5801,"2009-05-07",1353,"352","MARYS","5","3","0","0",,"0",,"-","N",,0,0,,,0,,,,"Y",2,"A","-",22405,"A","N","A","H","-","A","D","0","Y","D","22",0,0,1,0,0,0,0,0,0,"-","-","MARYSVILLE","YUBA","CA",0,0
"4262821",-121.589711799,39.144761863,2009,"5801","0","4","4","05",0,1,"A",,"Y",,,,1500,5,"D","G","A","9TH ST","D ST",0,,"Y","2010-02-09",5801,"2009-05-28",1455,"302","YUBAC","5","3","0","0",,"0","001","-","Y","YUB",3,20,"-","-",1.065,"I","5","W","N",2,"A","-",21202,"A","N","A","H","-","A","A","0","Y","L","04",0,0,1,0,0,0,1,0,0,"-","-","MARYSVILLE","YUBA","CA",0,0
"4262825",-121.591114031,39.144790548,2009,"5801","0","3","3","11",0,1,"A","Y",,,,,2100,5,"-","B","B","E ST","9TH ST",15,"N","N","2010-02-09",5801,"2009-05-20",1936,"314","5801","5","3","0","0",,"0","WEST","-","Y","YUB",3,20,"-","-",0.98,"H","-","W","N",2,"A","-",21456,"B","N","-","H","-","A","A","0","Y","A","01",0,1,0,0,1,0,0,0,0,"-","-","MARYSVILLE","YUBA","CA",0,0
"4264255",-121.0795778,39.40296653,2009,"5800","3","5","3","03",0,1,"B",,,"Y",,,1800,5,"F","A","A","RT 49","MIDDLE FORK YUBA RIVER",3907,"N","N","2010-02-05",9230,"2009-05-29",1650,"012882",,"2","9","0","1",,"1","081","-","Y","YUB",3,49,"-","-",0.74,"H","-","S","Y",1,"A","-",22350,,"N","A","H","-","A","D","0","Y","C","02",0,1,0,0,0,0,0,0,1,"-","-","UNINCORPORATED","YUBA","CA",-121.07982,39.40248
"4268645",-121.2968412,39.41743587,2009,"5800","4","6","4","01",0,1,"A",,,,,"Y",1800,5,"F","A","A","WILLOW GLEN RD","MARYSVILLE RD",22704,"N","N","2010-01-14",9285,"2009-05-09",1730,"010840",,"2","9","0","2",,"2","081","-","N",,0,0,,,0,,,,"Y",1,"A","-",23152,"A","N","A","H","-","A","D","0","Y","D","22",0,0,1,0,0,0,0,0,0,"-","-","UNINCORPORATED","YUBA","CA",0,0
"4268653",0,0,2009,"5800","4","2","4","03",0,1,"A",,,,,,1800,5,"C","C","A","NORTH BEALE RD","WALMART CENTER DR",10,"E","N","2010-01-14",9285,"2009-05-12",1710,"017534",,"2","9","0","2",,"1","041","-","N",,0,0,,,0,,,,"N",3,"A","-",22350,,"M","A","H","-","A","A","0","Y","A","01",0,0,1,0,0,0,0,0,0,"-","-","UNINCORPORATED","YUBA","CA",0,0
"4268661",-121.2531837,39.49718564,2009,"5800","5","7","4","18",0,1,"A",,,,,,2100,5,"E","I","A","CHALLENGE CUTOFF RD","LA PORTE RD",6336,"W","N","2010-01-14",9285,"2009-05-17",2030,"010840",,"2","9","0","3",,"2","008","-","N",,0,0,,,0,,,,"Y",1,"C","-",0,,"N","A","H","-","B","D","0","Y","-","-",0,0,1,0,0,0,0,0,0,"-","-","UNINCORPORATED","YUBA","CA",0,0
"4268678",-121.584869045,39.129234987,2009,"5800","3","5","4","03",0,1,"A",,,,,,1800,5,"C","C","A","RT 70","NORTH BEALE RD",1056,"S","N","2010-02-19",9285,"2009-05-22",1625,"15901",,"2","9","0","1",,"1","020","-","Y","YUB",3,70,"-","-",13.4,"H","-","E","N",2,"A","-",22350,,"N","A","H","-","A","D","4","Y","A","01",0,0,1,0,0,0,0,0,0,"-","-","UNINCORPORATED","YUBA","CA",-121.58337,39.12853
"4268681",-121.5345075,39.08406954,2009,"5800","5","3","3","08",0,1,"A","Y",,"Y",,,1800,5,"G","B","E","OLIVE CT","OLIVE AV",150,"W","N","2010-01-14",9285,"2009-05-20",1500,"013966",,"2","9","0","3",,"2","002","-","N",,0,0,,,0,,,,"N",2,"A","-",22107,,"N","A","H","-","A","D","0","Y","C","02",0,1,0,0,1,0,0,0,0,"-","-","UNINCORPORATED","YUBA","CA",-121.53461,39.08398
"4268685",-121.595224707,39.30389221,2009,"5800","3","4","4","04",0,1,"A",,,,,,900,5,"C","C","A","RT 70","OLD STATE HIGHWAY",100,"S","N","2010-02-19",9285,"2009-05-21",710,"014744",,"1","9","0","1",,"1","060","-","Y","YUB",3,70,"-","-",25.47,"H","-","E","Y",3,"A","-",21703,,"N","A","D","-","A","D","0","Y","D","22",0,0,1,0,0,0,0,0,0,"-","-","UNINCORPORATED","YUBA","CA",-121.59509,39.30162
"4268697",-121.509590963,39.214205175,2009,"5800","4","6","3","01",0,1,"C",,,,,"Y",2500,5,"E","I","A","RT 20","LOMA RICA RD",3168,"E","N","2010-02-01",9285,"2009-05-02",2500,"017534",,"4","9","0","2",,"2","062","-","Y","YUB",3,20,"-","R",7.95,"H","-","E","Y",1,"A","-",23152,"A","N","B","H","-","D","D","0","Y","A","01",0,1,0,0,0,0,0,0,0,"-","-","UNINCORPORATED","YUBA","CA",-121.50039,39.21406
"4268806",-121.5807793,39.12090607,2009,"5800","4","7","4","09",0,2,"A",,,,,,1200,4,"D","C","A","FEATHER RIVER BL","ALICIA AV",400,"N","N","2009-12-31",9285,"2009-04-26",1025,"012248",,"1","9","0","2",,"1","021","-","N",,0,0,,,0,,,,"Y",2,"A","-",21804,"A","N","A","H","-","A","D","0","Y","A","07",0,0,2,0,0,0,0,0,0,"-","-","UNINCORPORATED","YUBA","CA",0,0
"4268826",-121.307283165,39.209605191,2009,"5800","4","2","4","08",0,1,"A",,,,,,1800,4,"E","I","A","RT 20","SMARTVILLE RD",528,"W","N","2010-02-01",9285,"2009-04-21",1515,"013245",,"2","9","0","2",,"2","062","-","Y","YUB",3,20,"-","-",19.91,"H","-","W",,1,"A","-",22107,,"N","A","H","-","A","D","0","Y","A","01",0,0,1,0,0,0,0,0,0,"-","-","UNINCORPORATED","YUBA","CA",0,0
"4268830",-121.5550546,39.1276286,2009,"5800","4","3","2","09",0,1,"A",,,,,,1500,4,"D","C","A","NORTH BEALE RD","HAMMONTON SMARTVILLE RD",150,"E","N","2009-12-31",9285,"2009-04-22",1215,"017319",,"1","9","0","2",,"1","041","-","N",,0,0,,,0,,,,"Y",2,"A","-",21801,"A","N","A","H","-","A","D","0","Y","D","22",1,0,0,0,0,0,0,0,0,"-","-","UNINCORPORATED","YUBA","CA",0,0
"4277183",-121.4521241,39.1292721,2009,"5800","4","6","2","03",0,8,"A",,,,,,900,4,"C","C","A","NORTH BEALE RD","BLAIR WY",57,"W","N","2009-12-10",9285,"2009-04-18",858,"13245",,"1","9","0","2",,"1","041","-","N",,0,0,,,0,,,,"Y",3,"A","-",22350,,"N","A","H","-","A","D","0","Y","A","08",1,4,3,0,0,0,0,0,0,"-","-","UNINCORPORATED","YUBA","CA",0,0
"4277317",-121.541512116,39.080939029,2009,"5800","4","1","4","03",0,1,"A",,,,,,2400,6,"C","C","A","MCGOWAN PKWY","RT 70",132,"E","N","2010-02-19",9285,"2009-06-08",2140,"14740",,"2","9","0","2",,"1","022","-","Y","YUB",3,70,"-","R",7.596,"R","4","E","N",2,"A","-",22350,,"N","A","H","-","D","D","0","Y","A","01",0,0,1,0,0,0,0,0,0,"-","-","UNINCORPORATED","YUBA","CA",-121.35231,39.0771
"4277325",-121.5347932,39.08129802,2009,"5800","5","4","2","18",0,1,"A",,,,,,2400,6,"H","A","A","LEVER AV","WERNER AV",90,"W","N","2010-02-02",9285,"2009-06-11",2255,"17319",,"3","9","0","3",,"2","004","-","N",,0,0,,,0,,,,"N",1,"C","-",0,,"N","A","H","-","D","D","0","Y","-","-",1,0,0,0,0,0,0,0,0,"-","-","UNINCORPORATED","YUBA","CA",-121.5348,39.0815
"4277329",-121.5514802,39.09922589,2009,"5800","4","5","4","03",0,1,"A",,,,,,1500,6,"C","C","A","OLIVEHURST AV","5TH AV",211,"S","N","2010-02-02",9285,"2009-06-05",1400,"16327",,"2","9","0","2",,"1","022","-","N",,0,0,,,0,,,,"N",2,"A","-",22350,,"F","A","H","-","A","D","0","Y","D","22",0,0,1,0,0,0,0,0,0,"-","-","UNINCORPORATED","YUBA","CA",-121.55153,39.09934
"4277337",0,0,2009,"5800","5","4","4","17",0,1,"B",,,,,,1200,6,"E","I","A","FRENCHTOWN RD","MARYSVILLE RD",1584,"N","N","2010-02-02",9285,"2009-06-11",1155,"9947",,"1","9","0","3",,"2","008","-","N",,0,0,,,0,,,,"N",1,"A","-",21662,"A","N","A","H","-","A","D","0","Y","A","01",0,0,1,0,0,0,0,0,0,"-","-","UNINCORPORATED","YUBA","CA",0,0
"4277384",-121.287419,39.20130543,2009,"5800","4","5","4","03",0,1,"B",,,,,,2100,5,"C","C","A","SMARTVILLE RD","MAGONIGAL LN",50,"S","N","2010-01-07",9285,"2009-05-29",1835,"016327",,"2","9","0","2",,"1","042","-","N",,0,0,,,0,,,,"N",2,"A","-",22350,,"N","A","H","-","A","D","0","Y","A","01",0,0,1,0,0,0,0,0,0,"-","-","UNINCORPORATED","YUBA","CA",-121.51522,39.05446
"4277404",-121.550521272,39.102598303,2009,"5800","3","5","4","03",0,1,"C",,,,,,1500,5,"C","C","A","RT 20","OLIVEHURST AV",250,"S","N","2010-02-01",9285,"2009-05-01",1447,"013245",,"2","9","0","1",,"1","020","-","Y","YUB",3,70,"-","R",10.02,"H","-","E","Y",2,"A","-",22350,,"N","B","H","-","A","D","1","Y","A","01",0,0,1,0,0,0,0,0,0,"-","-","UNINCORPORATED","YUBA","CA",0,0
"4277408",-121.54984319,39.102145163,2009,"5800","3","5","4","18",0,2,"B",,,,,,1500,5,"C","C","A","RT 70","OLIVEHURST AV",210,"S","N","2010-02-19",9285,"2009-05-01",1446,"013245",,"2","9","0","1",,"1","020","C","Y","YUB",3,70,"-","R",9.24,"H","-","E","Y",2,"C","-",0,,"N","B","C","-","A","D","1","Y","-","-",0,0,2,0,0,0,0,0,0,"-","-","UNINCORPORATED","YUBA","CA",0,0
"4277420",-121.47162317,39.0406751642,2009,"5800","4","1","4","09",0,2,"B",,,,,,1800,5,"D","C","A","RT 65","BEALE RD",0,,"Y","2010-02-09",9285,"2009-05-04",1710,"015944",,"2","9","0","2",,"2","025","-","Y","YUB",3,65,"-","-",4.099,"I","5","N","Y",2,"A","-",21802,"A","N","A","H","-","A","D","1","Y","A","01",0,0,2,0,0,0,0,0,0,"-","-","UNINCORPORATED","YUBA","CA",-121.54064,39.07456
"4294096",-121.59993894,39.240887412,2009,"5800","3","4","4","08",0,2,"A",,,,"Y",,900,6,"A","C","A","RT 70","MAGNOLIA RD",1056,"N","N","2010-03-24",9285,"2009-06-11",735,"16327",,"1","9","0","1",,"1","060","-","Y","YUB",3,70,"-","-",21.15,"H","-","E","Y",2,"A","-",22107,,"N","A","D","-","A","D","0","Y","A","01",0,0,2,0,0,0,0,0,0,"-","-","UNINCORPORATED","YUBA","CA",-121.60002,39.24029
"4296956",-121.59501,39.15002,2009,"5801","0","7","3","01",0,1,"A",,"Y",,,"Y",1800,6,"D","G","A","14TH ST","G ST",0,,"Y","2010-03-01",5801,"2009-06-28",1740,"305","5801","5","3","0","0",,"0",,"-","N",,0,0,,,0,,,,"N",2,"A","-",21200,"5","N","A","H","-","A","A","0","Y","L","04",0,1,0,0,0,0,1,0,0,"-","-","MARYSVILLE","YUBA","CA",0,0
"4297775",-121.5690598,39.12383364,2009,"5800","5","2","4","09",0,2,"A",,,,,,1800,6,"A","C","A","LINDHURST AV","NORTH BEALE RD",457,"S","N","2010-02-16",9285,"2009-06-16",1630,"015048",,"2","9","0","3",,"2","004","-","N",,0,0,,,0,,,,"Y",2,"A","-",21804,"A","N","A","H","-","A","D","0","Y","A","01",0,0,2,0,0,0,0,0,0,"-","-","UNINCORPORATED","YUBA","CA",-121.56419,39.10766
"4297779",-121.54183,39.12795,2009,"5800","4","2","4","12",0,2,"A",,,,,,900,6,"D","C","A","NORTH BEALE RD","LINDA AV",0,,"Y","2010-02-16",9285,"2009-06-16",745,"014596",,"1","9","0","2",,"1","041","-","N",,0,0,,,0,,,,"Y",3,"A","-",21453,"A","N","A","H","-","A","A","0","Y","A","01",0,0,2,0,0,0,0,0,0,"-","-","UNINCORPORATED","YUBA","CA",-121.54111,39.12792
"4297810",-121.5629702,39.13914213,2009,"5800","5","3","4","09",0,1,"A",,,,,,1500,6,"D","C","A","SIMPSON LN","BABBINGTON RD",2112,"E","N","2010-02-16",9285,"2009-06-10",1235,"15901",,"1","9","0","3",,"2","004","-","N",,0,0,,,0,,,,"Y",2,"A","-",21804,"A","N","A","H","-","A","D","0","Y","D","22",0,0,1,0,0,0,0,0,0,"-","-","UNINCORPORATED","YUBA","CA",0,0
"4297814",-121.5542,39.11333,2009,"5800","5","3","4","21",0,1,"A",,,,,,900,6,"C","C","A","EDGEWATER CIR","ERLE RD",0,,"Y","2010-02-16",9285,"2009-06-10",730,"016808",,"1","9","0","3",,"2","004","-","N",,0,0,,,0,,,,"N",2,"A","-",22106,,"N","A","H","-","A","D","0","Y","A","01",0,0,1,0,0,0,0,0,0,"-","-","UNINCORPORATED","YUBA","CA",-121.55474,39.11345
"4297815",-121.5471596,39.04780011,2009,"5800","5","1","4","03",0,1,"A",,,,,,2100,6,"E","I","A","PLUMAS ARBOGA RD","ARBOGA RD",6336,"S","N","2010-02-16",9285,"2009-06-22",2030,"015048",,"2","9","0","3",,"2","002","-","N",,0,0,,,0,,,,"N",1,"A","-",22350,,"N","A","H","-","D","A","0","Y","A","07",0,0,1,0,0,0,0,0,0,"-","-","UNINCORPORATED","YUBA","CA",-121.54763,39.04812
"4297831",-121.3874512,39.3278157,2009,"5800","5","5","3","01",0,1,"A",,,,,"Y",900,6,"E","I","A","LOMA RICA RD","SCOTT GRANT RD",1056,"W","N","2010-02-16",9285,"2009-06-19",610,"014744",,"1","9","0","3",,"2","006","-","N",,0,0,,,0,,,,"Y",1,"A","-",23152,"A","N","A","H","-","B","D","0","Y","A","01",0,1,0,0,0,0,0,0,0,"-","-","UNINCORPORATED","YUBA","CA",-121.38841,39.32729
"4297839",0,0,2009,"5800","5","3","3","05",0,1,"A",,,"Y",,,1500,6,"A","C","A","CAMP FAR WEST RD","SPENCEVILLE RD",7392,"S","N","2010-02-12",9285,"2009-06-17",1215,"015944",,"1","9","0","3",,"2","004","-","N",,0,0,,,0,,,,"Y",2,"A","-",21460,"A","N","A","H","-","A","D","0","Y","C","02",0,1,0,0,0,0,0,0,1,"-","-","UNINCORPORATED","YUBA","CA",-121.34246,39.04813
"4302108",0,0,2009,"5800","4","7","1","01",1,0,"A",,,,,"Y",600,4,"E","I","A","FEATHER RIVER BL","PLUMAS ARBOGA RD",108,"N","N","2010-09-20",9285,"2009-04-26",503,"012248",,"3","9","0","2",,"1","021","-","N",,0,0,,,0,,,,"Y",1,"A","-",23152,"A","N","A","H","-","D","D","0","Y","A","01",0,0,0,0,0,0,0,0,0,"-","-","UNINCORPORATED","YUBA","CA",0,0
"4302212",-121.5311722,39.13578365,2009,"5800","4","3","1","01",1,1,"A",,,,,,600,5,"A","C","A","HAMMONTON SMARTVILLE RD","ALBERTA AV",144,"W","N","2010-09-21",9285,"2009-05-20",505,"10790",,"3","9","0","2",,"1","042","-","N",,0,0,,,0,,,,"Y",2,"A","-",23152,"A","N","A","H","-","B","D","0","Y","A","01",0,0,1,0,0,0,0,0,0,"-","-","UNINCORPORATED","YUBA","CA",-121.31871,39.815
"4307850",-121.077432,39.40435401,2009,"5800","3","2","2","05",0,1,"A",,,"Y",,,1500,7,"E","I","A","RT 49","MOONSHINE RD",4488,"N","N","2010-07-23",9230,"2009-07-07",1310,"11812",,"1","9","0","1",,"1","081","-","Y","YUB",3,49,"-","-",0.9,"H","-","S","N",1,"A","-",21650,,"N","A","H","-","A","A","0","Y","C","02",1,0,0,0,0,0,0,0,1,"-","-","UNINCORPORATED","YUBA","CA",0,0
"4316169",-121.390418802,39.229639925,2009,"5800","4","1","3","05",0,3,"A",,,,,,1800,6,"A","C","A","RT 20","VALHALLA WY",84,"E","N","2010-03-02",9285,"2009-06-29",1535,"12237",,"2","9","0","2",,"2","062","-","Y","YUB",3,20,"-","-",14.6,"H","-","E","Y",3,"A","-",21650,,"N","A","H","-","A","D","0","Y","D","22",0,2,1,0,0,0,0,0,0,"-","-","UNINCORPORATED","YUBA","CA",-121.38828,39.22943
"4316181",0,0,2009,"5800","4","3","2","08",0,1,"A",,"Y",,,,1500,6,"H","I","A","NORTH BEALE RD","SHAD RD",3,"S","N","2010-02-11",9285,"2009-06-24",1210,"14401",,"1","9","0","2",,"1","041","-","N",,0,0,,,0,,,,"N",1,"A","-",22107,,"N","A","H","-","A","D","0","Y","L","04",1,0,0,0,0,0,1,0,0,"-","-","UNINCORPORATED","YUBA","CA",-121.58392,39.12911
"4316217",-121.52369,39.11384,2009,"5800","5","3","2","01",0,2,"A",,,,,"Y",600,6,"E","I","A","GRIFFITH AV","ERLE RD",0,,"Y","2010-02-11",9285,"2009-06-24",400,"14740",,"3","9","0","3",,"2","004","-","N",,0,0,,,0,,,,"Y",1,"A","-",23152,"A","N","A","H","-","C","A","0","Y","A","01",2,0,0,0,0,0,0,0,0,"-","-","UNINCORPORATED","YUBA","CA",0,0
"4319690",-121.414386297,39.227779164,2009,"5800","4","3","2","09",0,2,"A",,,,,,1800,7,"A","C","A","RT 20","MARYSVILLE RD",0,,"Y","2010-06-02",9285,"2009-07-01",1655,"15048",,"2","9","0","2",,"2","062","-","Y","YUB",3,20,"-","-",13.269,"I","5","W","Y",2,"A","-",21801,"A","N","A","H","-","A","D","0","Y","D","22",1,0,1,0,0,0,0,0,0,"-","-","UNINCORPORATED","YUBA","CA",-121.41406,39.22802
"4319710",-121.24449,39.48354,2009,"5800","4","3","3","09",0,1,"A",,,,,,900,7,"A","C","A","LA PORTE RD","CHALLENGE CUTOFF RD",0,,"Y","2010-03-25",9285,"2009-07-01",845,"10840",,"1","9","0","2",,"2","082","-","N",,0,0,,,0,,,,"Y",2,"A","-",21801,"A","N","A","H","-","A","D","0","Y","A","01",0,1,0,0,0,0,0,0,0,"-","-","UNINCORPORATED","YUBA","CA",0,0
"4319722",-121.3689886,39.31322721,2009,"5800","3","3","4","18",0,1,"A",,,,,,1800,7,"E","J","A","MARYSVILLE RD","SCOTT GRANT RD",191,"S","N","2010-03-25",9285,"2009-07-01",1610,"15048",,"2","9","0","1",,"2","061","-","N",,0,0,,,0,,,,"Y",1,"C","-",0,,"N","A","H","-","A","D","0","Y","-","-",0,0,1,0,0,0,0,0,0,"-","-","UNINCORPORATED","YUBA","CA",0,0
"4319731",-121.5438975,39.09148182,2009,"5800","5","4","3","09",0,1,"A","Y",,,,,2100,7,"G","B","E","9TH AV","POWERLINE RD",410,"W","N","2010-04-10",9285,"2009-07-02",1900,"15944",,"2","9","0","3",,"2","002","-","N",,0,0,,,0,,,,"N",2,"A","-",21804,"A","N","A","H","-","A","D","0","Y","N","60",0,1,0,0,1,0,0,0,0,"-","-","UNINCORPORATED","YUBA","CA",0,0
"4319759",-121.5441879,39.12647585,2009,"5800","5","3","3","00",0,1,"A",,"Y",,,,1800,7,"H","G","A","COUNTRY CLUB CT","WOODLAND DR",148,"E","N","2010-04-10",9285,"2009-07-08",1625,"15048",,"2","9","0","3",,"2","004","-","N",,0,0,,,0,,,,"N",2,"D","-",0,,"F","A","H","-","A","D","0","Y","-","-",0,1,0,0,0,0,1,0,0,"-","-","UNINCORPORATED","YUBA","CA",0,0