"CASEID","POINT_X","POINT_Y","YEAR_","LOCATION","CHPTYPE","DAYWEEK","CRASHSEV","VIOLCAT","KILLED","INJURED","WEATHER1","PEDCOL","BICCOL","MCCOL","TRUCKCOL","ETOH","TIMECAT","MONTH_","CRASHTYP","INVOLVE","PED","PRIMARYRD","SECONDRD","DISTANCE","DIRECT","INTERSECT_","PROCDATE","JURIS","DATE_","TIME_","BADGE","JURIDIST","SHIFT","POP","SPECIAL","BEATTYPE","LAPDDIV","BEATCLAS","BEATNUMB","WEATHER2","STATEHW","CALTRANC","CALTRAND","STROUTE","ROUTESUF","POSTPRE","POSTMILE","LOCATYPE","RAMP","SIDEHW","TOWAWAY","PARTIES","PCF","VIOLCODE","VIOL","VIOLSUB","HITRUN","ROADSURF","RDCOND1","RDCOND2","LIGHTING","RIGHTWAY","CHPRDTYP","NOTPRIV","STFAULT","CHPFAULT","SEVINJ","OTHERINJ","COP","PEDKILL","PEDINJ","BICKILL","BICINJ","MCKILL","MCINJURE","RAMP1","RAMP2","CITY","COUNTY","STATE","X_CHP","Y_CHP"
"4675381",-121.586695349,39.145039527,2010,"5801","0","2","4","01",0,1,"A",,,,,,2100,4,"B","C","A","B ST","9TH ST",0,,"Y","2011-04-22",5801,"2010-04-20",1947,"302",,"5","3","0","0",,"0","001","C","Y","YUB",3,20,"-","-",1.236,"I","5","E","N",2,"A","-",23152,"A","N","B","H","-","A","A","0","Y","A","01",0,0,1,0,0,0,0,0,0,"-","-","MARYSVILLE","YUBA","CA",0,0
"4680122",-121.5522503,39.106411903,2010,"5800","5","4","4","03",0,1,"B",,,,,,900,3,"C","C","A","LINDHURST AV","TULIP RD",500,"N","N","2011-02-23",9285,"2010-03-25",810,"16968",,"1","9","0","3",,"2","004","-","N",,0,0,,,0,,,,"N",2,"A","-",22350,,"N","A","D","-","A","D","0","Y","A","01",0,0,1,0,0,0,0,0,0,"-","-","UNINCORPORATED","YUBA","CA",-121.55154,39.10557
"4680138",-121.586095951,39.129864878,2010,"5800","3","6","2","11",0,1,"A","Y",,,,,300,3,"G","B","E","RT 70","1ST ST",3168,"S","N","2011-03-04",9285,"2010-03-20",5,"17163",,"3","9","0","1",,"1","020","-","Y","YUB",3,70,"-","-",13.48,"H","-","W","N",2,"A","-",21956,"A","N","A","H","-","C","D","4","Y","N","60",1,0,0,0,1,0,0,0,0,"-","-","UNINCORPORATED","YUBA","CA",-121.58518,39.12958
"4683047",-121.222904072,39.381215558,2010,"5800","4","4","2","09",0,1,"A",,,,,,1800,4,"D","C","A","MARYSVILLE RD","FRENCHTOWN DOBBINS RD",2904,"E","N","2011-03-23",9285,"2010-04-08",1505,"10840",,"2","9","0","2",,"2","081","-","N",,0,0,,,0,,,,"Y",2,"A","-",21804,,"N","A","H","-","A","D","0","Y","A","01",1,0,0,0,0,0,0,0,0,"-","-","UNINCORPORATED","YUBA","CA",-121.22305,39.38117
"4683051",0,0,2010,"5800","4","7","3","18",0,1,"A",,,"Y",,,1500,4,"H","H","A","MARYSVILLE RD","OLD DOBBINS RD",10560,"E","N","2011-03-17",9285,"2010-04-18",1355,"10840",,"1","9","0","2",,"2","081","-","N",,0,0,,,0,,,,"Y",1,"C","-",0,,"N","A","H","-","A","D","0","Y","-","-",0,1,0,0,0,0,0,0,1,"-","-","UNINCORPORATED","YUBA","CA",-121.18791,39.36728
"4683086",-121.552337071,39.104430336,2010,"5800","3","7","4","03",0,3,"B",,,,,,1800,4,"E","I","A","RT 70","ERLE RD",525,"N","N","2011-04-21",9285,"2010-04-11",1530,"15944",,"2","9","0","1",,"1","020","C","Y","YUB",3,70,"-","R",10.24,"H","-","E","Y",1,"A","-",22350,,"N","B","H","-","A","D","1","Y","A","01",0,0,3,0,0,0,0,0,0,"-","-","UNINCORPORATED","YUBA","CA",-121.5942,39.17342
"4683090",0,0,2010,"5800","5","7","4","08",0,1,"B","Y",,,,,2400,4,"E","B","C","3RD AV","OLIVEHURST AV",425,"N","N","2011-03-21",9285,"2010-04-11",2110,"16968",,"2","9","0","3",,"2","002","-","N",,0,0,,,0,,,,"N",2,"A","-",22107,,"N","A","H","-","C","D","0","Y","A","01",0,0,1,0,1,0,0,0,0,"-","-","UNINCORPORATED","YUBA","CA",-121.55162,39.10267
"4684868",-121.5660232,39.161995167,2010,"5801","0","3","4","12",0,1,"C",,,,,,1200,4,"D","C","A","CHEIM BL","HOBART DR",0,,"Y","2011-03-09",5801,"2010-04-21",1006,"303",,"5","3","0","0",,"0",,"-","N",,0,0,,,0,,,,"Y",2,"A","-",22450,"A","N","B","H","-","A","D","0","Y","A","01",0,0,1,0,0,0,0,0,0,"-","-","MARYSVILLE","YUBA","CA",0,0
"4700903",-121.30450143,39.162626052,2010,"5800","5","1","2","05",0,2,"B",,,,,,2400,4,"E","I","A","LORETTA LN","CABRILLO WY",1056,"S","N","2011-04-04",9285,"2010-04-12",2140,"017534",,"2","9","0","3",,"2","004","-","N",,0,0,,,0,,,,"Y",1,"A","-",21650,,"F","B","H","-","D","D","0","Y","A","07",1,0,1,0,0,0,0,0,0,"-","-","UNINCORPORATED","YUBA","CA",0,0
"4700922",-121.571605924,39.14094645,2010,"5800","5","7","4","03",0,2,"A",,,,,,1500,4,"C","C","A","SIMPSON LN","DAVIS RD",1109,"E","N","2011-04-08",9285,"2010-04-25",1314,"14480",,"1","9","0","3",,"2","004","-","N",,0,0,,,0,,,,"N",2,"A","-",22350,,"N","A","H","-","A","D","0","Y","A","01",0,0,2,0,0,0,0,0,0,"-","-","UNINCORPORATED","YUBA","CA",-121.57088,39.14089
"4700926",-121.593982843,39.187330618,2010,"5800","3","2","3","01",0,2,"A",,,,,,2100,4,"F","I","A","RT 70","MAYER RD",330,"N","N","2011-04-21",9285,"2010-04-27",1925,"17534",,"2","9","0","1",,"1","060","-","Y","YUB",3,70,"-","-",17.43,"H","-","W","Y",1,"A","-",23152,"A","N","A","H","-","B","D","0","Y","D","22",0,2,0,0,0,0,0,0,0,"-","-","UNINCORPORATED","YUBA","CA",-121.59418,39.18786
"4700934",0,0,2010,"5800","5","5","2","03",0,2,"A",,,"Y",,,2100,4,"F","A","A","FORTY MILE RD","BILLY GRAHAM WY",2640,"N","N","2011-04-08",9285,"2010-04-23",1800,"15769",,"2","9","0","3",,"2","002","-","N",,0,0,,,0,,,,"Y",2,"A","-",22350,,"N","A","H","-","A","D","0","Y","C","02",1,1,0,0,0,0,0,0,2,"-","-","UNINCORPORATED","YUBA","CA",-121.51493,39.04048
"4700950",-121.588035975,39.131837009,2010,"5800","3","2","4","07",0,1,"A",,,,,,900,4,"E","I","A","RT 70","NORTH BEALE RD",600,"N","N","2011-04-21",9285,"2010-04-06",840,"12305","9285","1","9","0","1",,"1","020","-","Y","YUB",3,70,"-","-",13.68,"H","-","E","Y",1,"A","-",21658,"A","N","A","H","-","A","D","4","Y","A","07",0,0,1,0,0,0,0,0,0,"-","NO","UNINCORPORATED","YUBA","CA",-121.58613,39.1302
"4701113",0,0,2010,"5800","3","1","3","18",0,1,"A",,,,,,2100,5,"H","H","A","MARYSVILLE RD","KENMIR RANCH RD",528,"S","N","2011-04-15",9285,"2010-05-03",2035,"17889",,"2","9","0","1",,"2","061","-","N",,0,0,,,0,,,,"N",1,"C","-",0,,"N","A","H","-","D","D","0","Y","-","-",0,1,0,0,0,0,0,0,0,"-","-","UNINCORPORATED","YUBA","CA",-121.38658,39.28991
"4712261",-121.341732655,39.328629906,2010,"5800","4","5","2","03",0,3,"A",,,,,,1800,4,"E","I","A","MARYSVILLE RD","LOMA RICA RD",34,"N","N","2011-04-12",9285,"2010-04-23",1605,"10840",,"2","9","0","2",,"2","081","-","N",,0,0,,,0,,,,"Y",1,"A","-",22350,,"N","A","H","-","A","D","0","Y","A","07",1,0,2,0,0,0,0,0,0,"-","-","UNINCORPORATED","YUBA","CA",-121.34176,39.32871
"4712265",-121.578397892,39.011442006,2010,"5800","4","6","3","01",0,2,"A",,,"Y",,"Y",2100,4,"F","A","A","FEATHER RIVER BL","ALGODON RD",1848,"N","N","2011-04-12",9285,"2010-04-17",1855,"17534",,"2","9","0","2",,"1","021","-","N",,0,0,,,0,,,,"N",1,"A","-",23152,"A","N","A","H","-","B","D","0","Y","C","02",0,2,0,0,0,0,0,0,2,"-","-","UNINCORPORATED","YUBA","CA",-121.57821,39.01486
"4712269",-121.507079524,39.23607576,2010,"5800","3","5","2","08",0,1,"A",,,,,,1500,4,"E","I","A","LOMA RICA RD","LAS QUINTAS WY",13,"N","N","2011-04-12",9285,"2010-04-16",1402,"14480",,"2","9","0","1",,"2","061","-","N",,0,0,,,0,,,,"Y",1,"A","-",22107,,"N","A","H","-","A","A","0","Y","A","08",1,0,0,0,0,0,0,0,0,"-","-","UNINCORPORATED","YUBA","CA",-121.50226,39.24303
"4712407",-121.205469702,39.51045831,2010,"5800","5","2","3","17",0,1,"A",,,,,,1500,5,"A","C","A","FORBESTOWN RD","LA PORTE RD",2640,"W","N","2011-04-21",9285,"2010-05-04",1315,"14480",,"1","9","0","3",,"2","008","-","N",,0,0,,,0,,,,"Y",2,"A","-",21662,"A","N","A","H","-","A","D","0","Y","A","01",0,1,0,0,0,0,0,0,0,"-","-","UNINCORPORATED","YUBA","CA",-121.64518,39.14522
"4712410",-121.541512116,39.080939029,2010,"5800","4","5","4","09",0,1,"A",,,,,,600,5,"D","C","A","MCGOWAN PKWY","RT 70",0,,"Y","2011-06-21",9285,"2010-05-21",543,"017080",,"3","9","0","2",,"1","022","-","Y","YUB",3,70,"-","R",7.596,"R","4","E","Y",2,"A","-",21801,"A","N","A","H","-","A","A","0","Y","A","07",0,0,1,0,0,0,0,0,0,"-","NO","UNINCORPORATED","YUBA","CA",-121.54033,39.07724
"4712414",-121.410628428,39.235521532,2010,"5800","3","4","3","01",0,1,"A",,,,,"Y",1500,5,"E","I","A","MARYSVILLE RD","STERN LN",1056,"N","N","2011-04-28",9285,"2010-05-13",1440,"017080",,"2","9","0","1",,"2","061","-","N",,0,0,,,0,,,,"Y",1,"A","-",23152,"A","N","A","H","-","A","A","0","Y","D","22",0,1,0,0,0,0,0,0,0,"-","-","UNINCORPORATED","YUBA","CA",-121.41108,39.234
"4712426",0,0,2010,"5800","5","7","4","01",0,1,"A",,,,,"Y",2100,5,"E","J","A","TOWNSHIP RD","PEORIA RD",2112,"N","N","2011-04-28",9285,"2010-05-09",1800,"010840",,"2","9","0","3",,"2","006","-","N",,0,0,,,0,,,,"Y",1,"A","-",23152,"A","N","A","H","-","A","D","0","Y","A","01",0,0,1,0,0,0,0,0,0,"-","-","UNINCORPORATED","YUBA","CA",-121.34194,39.32871
"4712438",-121.558641367,39.113528387,2010,"5800","5","4","4","03",0,1,"A",,,,,,1200,5,"C","C","A","LINDHURST RD","ERLE RD",108,"N","N","2011-04-28",9285,"2010-05-13",930,"016968",,"1","9","0","3",,"2","004","-","N",,0,0,,,0,,,,"N",2,"A","-",22350,,"N","A","H","-","A","D","0","Y","A","01",0,0,1,0,0,0,0,0,0,"-","-","UNINCORPORATED","YUBA","CA",-121.55872,39.11372
"4712442",-121.594914691,39.292181858,2010,"5800","3","3","4","08",0,1,"A",,,,,,1800,5,"E","I","A","RT 70","CHANDLER DR",688,"S","N","2011-05-02",9285,"2010-05-12",1730,"017080",,"2","9","0","1",,"1","060","-","Y","YUB",3,70,"-","-",24.67,"H","-","W","Y",1,"A","-",22107,,"N","A","H","-","A","A","0","Y","A","01",0,0,1,0,0,0,0,0,0,"-","-","UNINCORPORATED","YUBA","CA",-121.59496,39.29017
"4712466",-121.320829814,39.214549373,2010,"5800","4","4","3","05",0,1,"A",,,,,,2100,5,"F","A","A","RT 20","TIMBUCTOO RD",3168,"E","N","2011-04-29",9285,"2010-05-06",2044,"017534",,"2","9","0","2",,"2","062","-","Y","YUB",3,20,"-","-",19.04,"H","-","E","Y",1,"A","-",21650,,"N","A","H","-","D","D","0","Y","D","22",0,1,0,0,0,0,0,0,0,"-","-","UNINCORPORATED","YUBA","CA",-121.32047,39.21416
"4712474",0,0,2010,"5800","4","4","4","12",0,3,"A",,,,,,1800,5,"D","C","A","NORTH BEALE RD","WALMART CENTER DR",0,,"Y","2011-04-26",9285,"2010-05-06",1520,"016968",,"2","9","0","2",,"1","041","-","N",,0,0,,,0,,,,"Y",2,"A","-",21453,"A","N","A","H","-","A","A","0","Y","A","01",0,0,3,0,0,0,0,0,0,"-","-","UNINCORPORATED","YUBA","CA",-121.57315,39.12509
"4712541",-121.584113202,39.148655165,2010,"5801","0","6","4","09",0,1,"A",,,"Y",,,1800,5,"D","C","A","12TH ST","YUBA ST",0,,"Y","2011-07-27",5801,"2010-05-01",1722,"305","5801","5","3","0","0",,"0",,"-","Y","YUB",3,20,"-","-",1.633,"I","5","E","Y",2,"A","-",21801,"A","N","A","H","-","A","D","0","Y","A","01",0,0,1,0,0,0,0,0,1,"-","-","MARYSVILLE","YUBA","CA",0,0
"4712545",-121.595562698,39.145380004,2010,"5801","0","1","4","03",0,1,"C",,,,,,1500,5,"C","C","A","10TH ST","H ST",0,,"Y","2011-07-27",5801,"2010-05-10",1214,"316","YUBAC","5","3","0","0",,"0","5801","-","Y","YUB",3,20,"-","-",0.69,"H","-","E","Y",2,"A","-",22350,,"N","B","-","-","A","A","0","Y","D","22",0,0,1,0,0,0,0,0,0,"-","-","MARYSVILLE","YUBA","CA",0,0
"4712547",-121.322353482,39.197084543,2010,"5800","4","3","4","08",0,1,"B",,,,,,2100,5,"E","I","A","HAMMONTON SMARTVILLE RD","SOUTH GOLDEN PKWY",1848,"W","N","2011-04-28",9285,"2010-05-19",1820,"15944",,"2","9","0","2",,"1","042","C","N",,0,0,,,0,,,,"Y",1,"A","-",22107,,"N","B","H","-","A","D","0","Y","A","01",0,0,1,0,0,0,0,0,0,"-","-","UNINCORPORATED","YUBA","CA",-121.32359,39.19754
"4712559",-121.58011064,39.103239262,2010,"5800","4","2","4","05",0,1,"A",,,,,,1500,5,"B","C","A","FEATHER RIVER BL","VIRGINIA AV",250,"N","N","2011-04-28",9285,"2010-05-11",1205,"12305","9285","1","9","0","2",,"1","021","-","N",,0,0,,,0,,,,"Y",2,"A","-",21460,"A","N","A","H","-","A","D","0","Y","A","07",0,0,1,0,0,0,0,0,0,"-","-","UNINCORPORATED","YUBA","CA",-121.58012,39.1028
"4730047",0,0,2010,"5800","5","3","3","10",0,1,"B","Y",,,,,2400,5,"G","B","B","EDGEWATER CIR","OAKWOOD DR",0,,"Y","2011-05-04",9285,"2010-05-19",2100,"18107",,"2","9","0","3",,"2","004","-","N",,0,0,,,0,,,,"N",2,"A","-",21950,"A","N","A","H","-","C","A","0","Y","A","01",0,1,0,0,1,0,0,0,0,"-","-","UNINCORPORATED","YUBA","CA",-121.55053,39.11772
"4732025",-121.036925585,39.496882307,2010,"5800","3","1","1","08",1,0,"A",,,"Y",,"Y",2100,6,"E","I","A","RT 49","OLD OAK VALLEY RD",439,"N","N","2012-01-25",9230,"2010-06-14",1930,"019235",,"2","9","0","1",,"1","081","-","Y","YUB",3,49,"-","-",8.98,"H","-","S","Y",1,"A","-",22107,,"N","A","H","-","A","A","0","Y","C","02",0,0,0,0,0,0,0,1,0,"-","-","UNINCORPORATED","YUBA","CA",-121.03677,39.49689
"4732567",0,0,2010,"5802","S","3","3","05",0,1,"A",,,,,,2100,5,"B","C","A","WHEATLAND RD","G ST",528,"W","N","2011-05-04",9285,"2010-05-12",1835,"017534",,"2","1","1","4",,"2","901","-","N",,0,0,,,0,,,,"N",2,"A","-",21460,"A","N","A","H","-","A","A","0","Y","-","-",0,1,0,0,0,0,0,0,0,"-","-","WHEATLAND","YUBA","CA",-121.43162,39.00755
"4734651",0,0,2010,"5800","5","2","3","12",0,1,"B",,"Y",,,,900,5,"D","G","A","RIVER OAKS BL","LEIGHTON GROVE DR",0,,"Y","2011-05-09",9285,"2010-05-25",730,"15849",,"1","9","0","3",,"2","002","-","N",,0,0,,,0,,,,"N",2,"A","-",22450,"A","N","A","H","-","A","D","0","Y","L","04",0,1,0,0,0,0,1,0,0,"-","-","UNINCORPORATED","YUBA","CA",-121.55341,39.00297
"4734655",-121.553573515,39.130229004,2010,"5800","4","4","4","03",0,2,"B",,,,,,1500,5,"C","C","A","HAMMONTON SMARTVILLE RD","LINDA AV",30,"W","N","2011-05-09",9285,"2010-05-27",1228,"17080",,"1","9","0","2",,"1","042","C","N",,0,0,,,0,,,,"N",2,"A","-",22350,,"N","B","H","-","A","A","0","Y","D","22",0,0,2,0,0,0,0,0,0,"-","-","UNINCORPORATED","YUBA","CA",-121.55376,39.13005
"4734658",-121.547773226,39.10037769,2010,"5800","5","7","4","05",0,1,"A",,,,,,1500,5,"B","C","A","POWERLINE RD","OLIVEHURST AV",1056,"S","N","2011-05-10",9285,"2010-05-30",1400,"17390",,"2","9","0","3",,"2","002","-","N",,0,0,,,0,,,,"N",2,"A","-",21460,"A","N","A","H","-","A","D","0","Y","A","01",0,0,1,0,0,0,0,0,0,"-","-","UNINCORPORATED","YUBA","CA",-121.54762,39.10024
"4734662",-121.532022362,39.077474668,2010,"5800","4","3","4","03",0,1,"B",,,,,,1800,5,"C","C","A","MCGOWAN PKWY","OLIVE",400,"W","N","2011-05-06",9285,"2010-05-26",1620,"17390",,"2","9","0","2",,"1","022","-","N",,0,0,,,0,,,,"Y",3,"A","-",22350,,"M","A","H","-","A","D","0","Y","A","01",0,0,1,0,0,0,0,0,0,"-","-","UNINCORPORATED","YUBA","CA",-121.5911,39.14448
"4734663",-121.504540889,39.239910481,2010,"5800","3","7","2","08",0,2,"A",,,,,,300,5,"F","A","A","LOMA RICA RD","LAS QUINTAS WY",1584,"N","N","2011-05-09",9285,"2010-05-16",220,"18561",,"3","9","0","1",,"2","061","-","N",,0,0,,,0,,,,"Y",1,"A","-",22107,,"N","A","H","-","D","D","0","Y","A","01",1,0,1,0,0,0,0,0,0,"-","-","UNINCORPORATED","YUBA","CA",0,0
"4734685",-121.575372423,39.125575716,2010,"5800","4","2","4","03",0,2,"B",,,,,,900,5,"C","C","A","NORTH BEALE RD","FEATHER RIVER BL",122,"S","N","2011-05-06",9285,"2010-05-18",850,"015048",,"1","9","0","2",,"1","041","-","N",,0,0,,,0,,,,"Y",5,"A","-",22350,,"N","A","H","-","A","D","0","Y","D","22",0,0,2,0,0,0,0,0,0,"-","-","UNINCORPORATED","YUBA","CA",-121.57423,39.12494
"4734709",-121.221452495,39.471262162,2010,"5800","5","5","3","17",0,1,"B",,,,,,300,5,"E","I","A","INDIANA RANCH RD","INDIANA-NEW YORK RD",2323,"N","N","2011-05-06",9285,"2010-05-28",200,"010840",,"3","9","0","3",,"2","008","-","N",,0,0,,,0,,,,"Y",1,"A","-",21662,,"N","B","H","-","D","D","0","Y","A","01",0,1,0,0,0,0,0,0,0,"-","-","UNINCORPORATED","YUBA","CA",-121.22254,39.46955
"4734837",0,0,2010,"5800","5","4","4","05",0,1,"A",,,,,,2400,6,"A","C","A","BOGUE RD","TOWNSHIP RD",51,"E","N","2011-06-06",9285,"2010-06-03",2300,"14740",,"3","9","0","3",,"2","005","-","N",,0,0,,,0,,,,"Y",2,"A","-",21460,"A","N","A","H","-","D","D","0","Y","A","01",0,0,1,0,0,0,0,0,0,"-","-","UNINCORPORATED","YUBA","CA",-121.68896,39.09801
"4734841",-121.433113609,39.225076511,2010,"5800","4","7","3","01",0,1,"A",,,,,"Y",2400,6,"B","C","A","RT 20","JOINES RD",5280,"E","N","2011-06-16",9285,"2010-06-06",2130,"14740",,"2","9","0","2",,"2","062","-","Y","YUB",3,20,"-","-",12.24,"H","-","E","Y",2,"A","-",23152,"A","N","A","H","-","D","D","0","Y","A","08",0,1,0,0,0,0,0,0,0,"-","-","UNINCORPORATED","YUBA","CA",-121.43269,39.22524
"4750990",-121.586160982,39.123150664,2010,"5800","5","2","4","09",0,1,"B",,,,,,1500,5,"D","C","A","ALICIA AV","RIVERSIDE DR",100,"E","N","2011-05-03",9285,"2010-05-25",1435,"15849",,"2","9","0","3",,"2","002","-","N",,0,0,,,0,,,,"Y",2,"A","-",21804,"A","N","A","H","-","A","D","0","Y","A","01",0,0,1,0,0,0,0,0,0,"-","-","UNINCORPORATED","YUBA","CA",-121.5858,39.12298
"4751026",-121.560143006,39.1158423,2010,"5800","5","6","4","21",0,1,"A",,,,,,1800,5,"D","C","A","LINDHURST AV","ERLE RD",1056,"N","N","2011-05-03",9285,"2010-05-22",1543,"17080",,"2","9","0","3",,"2","004","-","N",,0,0,,,0,,,,"Y",2,"A","-",22106,,"N","A","H","-","A","A","0","Y","D","22",0,0,1,0,0,0,0,0,0,"-","-","UNINCORPORATED","YUBA","CA",-121.33356,39.6557
"4752870",-121.589891234,39.1361974348,2011,"5800","3","2","2","03",0,1,"A",,,"Y",,,900,5,"C","C","A","RT 70","FEATHER RIVER BL",1584,"N","N","2012-10-08",9285,"2011-05-24",758,"16968",,"1","9","0","1",,"1","020","-","Y","YUB",3,70,"-","-",14.04,"H","-","E","Y",2,"A","-",22350,,"N","A","H","-","A","D","4","Y","C","02",1,0,0,0,0,0,0,0,1,"-","-","UNINCORPORATED","YUBA","CA",-121.58668,39.13055
"4754121",-121.59555,39.14317,2011,"5801","0","1","3","03",0,1,"A",,,,,,2100,5,"C","C","A","H ST","8TH ST",0,,"Y","2012-07-10",5801,"2011-05-09",1802,"313",,"5","3","0","0",,"0",,"-","N",,0,0,,,0,,,,"Y",2,"A","-",22350,,"N","A","H","-","A","A","0","Y","-","-",0,1,0,0,0,0,0,0,0,"-","-","MARYSVILLE","YUBA","CA",0,0
"4754533",-121.41043,39.10201,2011,"5801","0","2","4","12",0,2,"A",,,,,,2100,4,"D","C","A","E ST","7TH ST",0,,"Y","2012-10-09",5801,"2011-04-26",1936,"305","5801","5","3","0","0",,"0",,"-","N",,0,0,,,0,,,,"N",2,"A","-",21453,"A","N","A","H","-","A","A","0","Y","A","01",0,0,2,0,0,0,0,0,0,"-","-","MARYSVILLE","YUBA","CA",0,0
"4754791",-121.392917207,39.2674748879,2011,"5800","3","5","3","08",0,2,"A",,,,,,1500,4,"E","I","A","MARYSVILLE RD","BALD MOUNTAIN RD",2112,"N","N","2012-05-24",9285,"2011-04-29",1245,"15048",,"1","9","0","1",,"2","061","-","N",,0,0,,,0,,,,"Y",1,"A","-",22107,,"N","A","H","-","A","D","0","Y","A","07",0,1,1,0,0,0,0,0,0,"-","-","UNINCORPORATED","YUBA","CA",-121.39274,39.26704
"4762803",-121.283191528,39.202856721,2010,"5800","4","4","3","05",0,1,"A",,,,,,300,6,"E","I","A","RT 20","SMARTVILLE RD",528,"E","N","2011-06-16",9285,"2010-06-17",225,"17534",,"3","9","0","2",,"2","062","-","Y","YUB",3,20,"-","-",21.46,"H","-","W","Y",1,"A","-",21650,,"N","A","H","-","D","D","0","Y","D","22",0,1,0,0,0,0,0,0,0,"-","-","UNINCORPORATED","YUBA","CA",-121.28624,39.2017
"4762804",-121.580019273,39.126321299,2010,"5800","3","5","2","01",0,1,"A",,,,,"Y",300,6,"E","I","A","RT 70","FEATHER RIVER BL",80,"N","N","2011-06-21",9285,"2010-06-11",140,"18658",,"3","9","0","1",,"1","020","-","Y","YUB",3,70,"-","-",13.03,"H","-","E","Y",1,"A","-",23152,"A","N","A","H","-","C","D","4","Y","A","01",1,0,0,0,0,0,0,0,0,"-","-","UNINCORPORATED","YUBA","CA",-121.57705,39.12457
"4762807",-121.573717112,39.11951444,2010,"5800","5","3","2","17",0,1,"B",,"Y",,,,1800,6,"A","G","A","ARBOGA RD","REDWOOD AV",50,"N","N","2011-05-24",9285,"2010-06-02",1758,"17889",,"2","9","0","3",,"2","004","-","N",,0,0,,,0,,,,"N",2,"A","-",21208,"B","N","A","H","-","A","D","0","Y","L","04",1,0,0,0,0,0,1,0,0,"-","-","UNINCORPORATED","YUBA","CA",-121.57375,39.11956
"4762808",-121.556519652,39.109583414,2010,"5800","3","1","2","03",0,1,"A",,,"Y",,,1800,6,"F","A","A","RT 70","ERLE RD",1584,"S","N","2011-06-21",9285,"2010-06-21",1730,"18107",,"2","9","0","1",,"1","020","-","Y","YUB",3,70,"-","R",9.86,"H","-","W","Y",1,"A","-",22350,,"N","A","H","-","A","D","1","Y","C","02",1,0,0,0,0,0,0,0,1,"-","-","UNINCORPORATED","YUBA","CA",-121.55634,39.10949
"4762811",-121.393813188,39.27711519,2010,"5800","3","7","4","09",0,1,"A",,,,,,1500,6,"E","I","A","MARYSVILLE RD","SPRING VALLEY RD",0,,"Y","2011-05-24",9285,"2010-06-13",1315,"18561",,"1","9","0","1",,"2","061","-","N",,0,0,,,0,,,,"N",2,"A","-",21804,"A","N","A","H","-","A","D","0","Y","A","01",0,0,1,0,0,0,0,0,0,"-","-","UNINCORPORATED","YUBA","CA",-121.39397,39.27707
"4762819",-121.585333199,39.129505162,2010,"5800","3","1","4","05",0,1,"A",,,,,,900,6,"B","C","A","RT 70","FEATHER RIVER BL",500,"S","N","2011-07-20",9285,"2010-06-28",850,"12305","9285","1","9","0","1",,"1","020","-","Y","YUB",3,70,"-","R",11.349,"R","2","E","Y",2,"A","-",21650,,"N","A","H","-","A","D","1","Y","A","01",0,0,1,0,0,0,0,0,0,"FR","-","UNINCORPORATED","YUBA","CA",-121.57537,39.12489
"4762828",-121.255212024,39.50534311,2010,"5800","5","2","3","17",0,1,"A",,,,,,1200,6,"F","C","A","CHALLENGE CUTOFF RD","LA PORTE RD",9504,"W","N","2011-05-24",9285,"2010-06-29",1120,"010840",,"1","9","0","3",,"2","008","-","N",,0,0,,,0,,,,"Y",1,"A","-",21662,,"N","A","D","-","A","D","0","Y","D","22",0,1,0,0,0,0,0,0,0,"-","-","UNINCORPORATED","YUBA","CA",-121.25502,39.50653
"4762835",-121.540900708,39.069365506,2010,"5800","5","7","4","08",0,1,"A",,,,,,1800,6,"F","I","A","RT 70","MCGOWAN PKWY",2640,"S","N","2011-06-21",9285,"2010-06-06",1625,"18475",,"2","9","0","3",,"2","002","-","Y","YUB",3,70,"-","R",6.85,"H","-","W","Y",1,"A","-",22107,,"N","A","H","-","A","D","0","Y","E","22",0,0,1,0,0,0,0,0,0,"-","-","UNINCORPORATED","YUBA","CA",-121.5418,39.06505
"4762843",-121.399476129,39.230209477,2010,"5800","4","7","3","03",0,1,"A",,,"Y",,,1800,6,"C","C","A","RT 20","TOO HANDY LN",350,"W","N","2011-07-27",9285,"2010-06-20",1515,"16968",,"2","9","0","2",,"2","062","-","Y","YUB",3,20,"-","-",14.11,"H","-","W","N",2,"A","-",22350,,"N","A","H","-","A","D","0","Y","C","02",0,1,0,0,0,0,0,0,1,"-","-","UNINCORPORATED","YUBA","CA",-121.64454,39.14538
"4762851",-121.590727897,39.175295766,2010,"5800","3","6","3","01",0,1,"A",,,,,"Y",2100,6,"E","I","A","RT 70","LAURELLEN RD",528,"N","N","2011-06-21",9285,"2010-06-12",1821,"15873",,"2","9","0","1",,"1","060","-","Y","YUB",3,70,"-","-",16.59,"H","-","W","Y",1,"A","-",23152,"A","N","A","-","-","A","D","0","Y","A","01",0,1,0,0,0,0,0,0,0,"-","-","UNINCORPORATED","YUBA","CA",-121.59295,39.18381