"CASEID","POINT_X","POINT_Y","YEAR_","LOCATION","CHPTYPE","DAYWEEK","CRASHSEV","VIOLCAT","KILLED","INJURED","WEATHER1","PEDCOL","BICCOL","MCCOL","TRUCKCOL","ETOH","TIMECAT","MONTH_","CRASHTYP","INVOLVE","PED","PRIMARYRD","SECONDRD","DISTANCE","DIRECT","INTERSECT_","PROCDATE","JURIS","DATE_","TIME_","BADGE","JURIDIST","SHIFT","POP","SPECIAL","BEATTYPE","LAPDDIV","BEATCLAS","BEATNUMB","WEATHER2","STATEHW","CALTRANC","CALTRAND","STROUTE","ROUTESUF","POSTPRE","POSTMILE","LOCATYPE","RAMP","SIDEHW","TOWAWAY","PARTIES","PCF","VIOLCODE","VIOL","VIOLSUB","HITRUN","ROADSURF","RDCOND1","RDCOND2","LIGHTING","RIGHTWAY","CHPRDTYP","NOTPRIV","STFAULT","CHPFAULT","SEVINJ","OTHERINJ","COP","PEDKILL","PEDINJ","BICKILL","BICINJ","MCKILL","MCINJURE","RAMP1","RAMP2","CITY","COUNTY","STATE","X_CHP","Y_CHP"
"5206475",-121.541512116,39.0809390291,2011,"5800","4","5","3","09",0,1,"A",,,,,,2400,6,"A","C","A","MCGOWAN PKWY","RT 70",50,"E","N","2012-12-20",9285,"2011-06-10",2353,"18107",,"3","9","0","2",,"1","022","-","Y","YUB",3,70,"-","R",7.596,"R","4","E","Y",2,"A","-",21801,"A","N","A","H","-","C","A","0","Y","D","22",0,1,0,0,0,0,0,0,0,"-","-","UNINCORPORATED","YUBA","CA",-121.54027,39.07679
"5211705",-121.549443506,39.1750601709,2011,"5800","4","5","3","05",0,1,"A",,,,"Y",,1200,5,"B","C","A","RT 20","PLANTZ RD",2640,"W","N","2012-10-08",9285,"2011-05-06",937,"14825",,"1","9","0","2",,"2","062","-","Y","YUB",3,20,"-","R",4.35,"H","-","W","Y",3,"A","-",21650,,"N","A","H","-","A","D","0","Y","D","22",0,1,0,0,0,0,0,0,0,"-","-","UNINCORPORATED","YUBA","CA",-121.55008,39.17424
"5211821",-121.543300971,38.9803606732,2011,"5800","3","7","3","07",0,1,"A",,,"Y",,,2100,5,"F","A","A","RT 70","S FEATHER RIVER BL",1056,"N","N","2012-10-08",9285,"2011-05-01",1855,"017889",,"2","9","0","1",,"1","020","-","Y","YUB",3,70,"-","R",0.55,"H","-","W","Y",2,"A","-",21658,"A","F","A","H","-","A","D","0","Y","A","07",0,1,0,0,0,0,0,0,1,"-","-","UNINCORPORATED","YUBA","CA",-121.54308,38.98026
"5211874",-121.598950421,39.2537471092,2011,"5800","3","4","3","08",0,1,"A",,,,,,2400,4,"F","A","A","RT 70","BOYER RD",0,,"N","2012-12-26",9285,"2011-04-21",2300,"017889",,"3","9","0","1",,"1","060","-","Y","YUB",3,70,"-","-",22.03,"H","-","E","Y",1,"A","-",22107,,"N","A","H","-","C","D","0","Y","A","01",0,1,0,0,0,0,0,0,0,"-","-","UNINCORPORATED","YUBA","CA",-121.59939,39.24901
"5211878",-121.57578,39.12564,2011,"5800","4","5","3","12",0,1,"B",,,,,,2100,4,"A","C","A","NORTH BEALE RD","FEATHER RIVER BL",0,,"Y","2012-05-18",9285,"2011-04-15",1927,"018561",,"2","9","0","2",,"1","041","-","N",,0,0,,,0,,,,"N",2,"A","-",21453,"A","N","A","H","-","A","A","0","Y","A","01",0,1,0,0,0,0,0,0,0,"-","-","UNINCORPORATED","YUBA","CA",-121.576,39.1256
"5213393",-121.41262,39.10684,2011,"5801","0","3","4","04",0,1,"A",,,,,,1500,6,"C","C","A","10TH ST","F ST",0,,"Y","2012-09-21",5801,"2011-06-01",1323,"364","MARYS","5","3","0","0",,"0","5801","-","N",,0,0,,,0,,,,"N",2,"A","-",21703,,"N","A","H","-","A","A","0","Y","D","22",0,0,1,0,0,0,0,0,0,"-","-","MARYSVILLE","YUBA","CA",0,0
"5226923",-121.564623201,39.1586051671,2011,"5801","0","6","3","01",0,2,"A",,,,,"Y",2100,5,"D","C","A","RT 20","EAST 22ND ST",0,,"Y","2012-12-20",5801,"2011-05-28",1942,"L2","MARYS","5","3","0","0",,"0",,"-","Y","YUB",3,20,"-","R",2.94,"I","5","E","N",2,"A","-",23152,,"N","A","H","-","A","D","0","Y","A","01",0,1,1,0,0,0,0,0,0,"-","-","MARYSVILLE","YUBA","CA",0,0
"5228328",-121.582688267,39.1487600279,2011,"5801","0","2","4","12",0,1,"A",,,,,,1500,6,"D","C","A","EAST 12TH ST","RAMIREZ ST",0,,"Y","2012-12-26",5801,"2011-06-21",1231,"391","5801","5","3","0","0",,"0",,"-","Y","YUB",3,20,"-","-",1.71,"I","5","W","Y",2,"A","-",21453,"A","N","A","H","-","A","A","0","Y","A","01",0,0,1,0,0,0,0,0,0,"-","-","MARYSVILLE","YUBA","CA",0,0
"5235038",-121.56298,39.12735,2011,"5800","4","2","3","09",0,1,"A",,,,"Y",,1200,6,"B","C","A","NORTH BEALE RD","SILVERWOOD ST",0,,"Y","2012-10-23",9285,"2011-06-14",1040,"15873",,"1","9","0","2",,"1","041","-","N",,0,0,,,0,,,,"Y",2,"A","-",21804,"A","N","A","H","-","A","D","0","Y","A","01",0,1,0,0,0,0,0,0,0,"-","-","UNINCORPORATED","YUBA","CA",-121.5633,39.1273
"5238077",-121.594148187,39.1376575525,2011,"5801","0","1","3","09",0,1,"A",,,,"Y",,900,7,"D","C","A","3RD ST","H ST",167,"E","N","2012-09-12",5801,"2011-07-04",749,"365","MARYS","5","3","0","0",,"0",,"-","N",,0,0,,,0,,,,"N",2,"A","-",21804,"A","N","A","H","-","B","D","0","Y","F","26",0,1,0,0,0,0,0,0,0,"-","-","MARYSVILLE","YUBA","CA",0,0
"5240979",-121.594429525,39.1458000978,2011,"5801","0","3","2","18",0,1,"A",,,,,,2100,6,"C","E","A","G ST","10TH ST",75,"N","N","2012-10-09",5801,"2011-06-15",1906,"305","5801","5","3","0","0",,"0",,"-","N",,0,0,,,0,,,,"Y",2,"C","-",0,,"N","A","H","-","A","D","0","Y","-","-",1,0,0,0,0,0,0,0,0,"-","-","MARYSVILLE","YUBA","CA",0,0
"5242050",-121.551284799,39.1029998372,2011,"5800","3","2","4","08",0,1,"B",,,,,,1500,6,"F","A","A","RT 70","OLIVEHURST AV",200,"N","N","2012-09-24",9285,"2011-06-28",1224,"016968",,"1","9","0","1",,"1","020","C","Y","YUB",3,70,"-","R",9.32,"H","-","W","Y",1,"A","-",22107,,"N","B","H","-","A","D","1","Y","A","01",0,0,1,0,0,0,0,0,0,"-","-","UNINCORPORATED","YUBA","CA",-121.55391,39.10605
"5242058",-121.32414,39.36272,2011,"5800","4","7","3","12",0,1,"A",,,,,,2100,6,"E","I","A","MARYSVILLE RD","WILLOW GLEN RD",0,,"Y","2012-09-11",9285,"2011-06-26",1925,"010840",,"2","9","0","2",,"2","081","-","N",,0,0,,,0,,,,"N",1,"A","-",22450,,"N","A","H","-","A","A","0","Y","A","01",0,1,0,0,0,0,0,0,0,"-","-","UNINCORPORATED","YUBA","CA",-121.32395,39.36286
"5242062",-121.258370776,39.4770322357,2011,"5800","4","4","3","01",0,1,"A",,,,,"Y",1800,6,"E","I","A","LA PORTE RD","NEW YORK FLAT RD",1584,"E","N","2012-09-11",9285,"2011-06-30",1630,"010840",,"2","9","0","2",,"2","082","-","N",,0,0,,,0,,,,"Y",1,"A","-",23152,"A","N","A","H","-","A","D","0","Y","A","07",0,1,0,0,0,0,0,0,0,"-","-","UNINCORPORATED","YUBA","CA",-121.25286,39.47945
"5242074",-121.557576283,39.1123862783,2011,"5800","4","6","3","11",0,1,"A","Y",,,,"Y",2400,6,"D","B","D","LINDHURST AV","ERLE RD",408,"S","N","2012-09-27",9285,"2011-06-25",2346,"018107",,"3","9","0","2",,"1","022","-","N",,0,0,,,0,,,,"N",2,"A","-",21954,"A","N","A","H","-","D","A","0","Y","N","60",0,1,0,0,1,0,0,0,0,"-","-","UNINCORPORATED","YUBA","CA",-121.55747,39.11218
"5242100",-121.550235466,39.1303737723,2011,"5800","5","3","4","09",0,1,"A",,,,,,1500,7,"E","I","A","LINDA AV","TYLER AV",12,"W","N","2012-11-15",9285,"2011-07-06",1210,"17163",,"1","9","0","3",,"2","004","-","N",,0,0,,,0,,,,"Y",2,"A","-",21802,"B","N","A","H","-","A","A","0","Y","A","08",0,0,1,0,0,0,0,0,0,"-","-","UNINCORPORATED","YUBA","CA",-121.55058,39.13038
"5249283",-121.54951,39.08797,2011,"5800","5","3","3","09",0,1,"A",,,,,,1500,7,"D","C","A","11TH AV","ARDMORE AV",0,,"Y","2012-11-21",9285,"2011-07-27",1305,"16968",,"1","9","0","3",,"2","002","-","N",,0,0,,,0,,,,"N",2,"A","-",21804,"A","F","A","H","-","A","D","0","Y","A","01",0,1,0,0,0,0,0,0,0,"-","-","UNINCORPORATED","YUBA","CA",-121.5495,39.08808
"5249295",-121.52761092,39.1953741571,2011,"5800","4","5","3","21",0,3,"A",,,,,,1200,7,"D","C","A","RT 20","WEST HALLWOOD BL",4224,"W","N","2013-02-06",9285,"2011-07-15",1150,"14825",,"1","9","0","2",,"2","062","-","Y","YUB",3,20,"-","-",6.22,"H","-","E","Y",2,"A","-",22106,,"N","A","H","-","A","D","0","Y","D","22",0,1,2,0,0,0,0,0,0,"-","-","UNINCORPORATED","YUBA","CA",-121.53324,39.1925
"5249350",-121.600943245,39.2265607508,2011,"5800","3","1","3","03",0,2,"A",,,,"Y",,1500,7,"C","C","A","RT 70","WOODRUFF LN",2284,"N","N","2013-02-01",9285,"2011-07-18",1303,"17100",,"1","9","0","1",,"1","020","-","Y","YUB",3,70,"-","-",20.17,"H","-","E","Y",2,"A","-",22350,,"N","A","H","-","A","D","0","Y","A","08",0,1,1,0,0,0,0,0,0,"-","-","UNINCORPORATED","YUBA","CA",-121.60102,39.22654
"5252241",-121.584691251,39.129131495,2011,"5800","3","7","4","05",0,3,"A",,,,,,2100,6,"E","C","A","RT 70","FEATHER RIVER BL N",135,"S","N","2012-09-24",9285,"2011-06-19",1913,"015873",,"2","9","0","1",,"1","020","-","Y","YUB",3,70,"-","R",11.33,"H","-","E","Y",2,"A","-",21650,,"N","A","H","-","A","D","1","Y","A","01",0,0,3,0,0,0,0,0,0,"-","-","UNINCORPORATED","YUBA","CA",-121.57737,39.12482
"5252245",-121.553268035,39.1052408607,2011,"5800","3","2","4","03",0,1,"B",,,,,,1500,6,"C","C","A","RT 70","OLIVEHURST AV",1056,"N","N","2012-12-20",9285,"2011-06-28",1237,"015374",,"1","9","0","1",,"1","020","C","Y","YUB",3,70,"-","R",9.51,"H","-","W","Y",2,"A","-",22350,,"N","B","H","-","A","D","1","Y","A","01",0,0,1,0,0,0,0,0,0,"-","-","UNINCORPORATED","YUBA","CA",-121.55317,39.10523
"5252265",-121.547727799,39.0915667149,2011,"5800","5","7","4","06",0,1,"A",,"Y",,,,1500,6,"C","G","A","9TH AV","FLEMING WY",200,"W","N","2012-08-31",9285,"2011-06-19",1315,"01573",,"1","9","0","3",,"2","002","-","N",,0,0,,,0,,,,"N",2,"A","-",21750,,"F","A","H","-","A","D","0","Y","-","99",0,0,1,0,0,0,1,0,0,"-","-","UNINCORPORATED","YUBA","CA",-121.54789,39.08793
"5252321",-121.543312216,38.9777659843,2011,"5800","4","1","3","09",0,2,"A",,,,,,2100,7,"D","C","A","FEATHER RIVER BL","RT 70",31,"S","N","2013-02-01",9285,"2011-07-18",2030,"018107",,"2","9","0","2",,"1","021","-","Y","YUB",3,70,"-","R",0.354,"I","5","E","Y",2,"A","-",21801,"A","N","A","H","-","C","A","0","Y","A","01",0,1,1,0,0,0,0,0,0,"-","-","UNINCORPORATED","YUBA","CA",-121.57731,39.12419
"5254382",-121.59587,39.14547,2011,"5801","0","4","3","09",0,1,"A",,"Y",,,,1800,6,"G","G","A","H ST","10TH ST",0,,"Y","2012-11-28",5801,"2011-06-23",1748,"SAM2","5801","5","3","0","0",,"0","WEST","-","N",,0,0,,,0,,,,"N",2,"A","-",21453,"B","N","A","H","-","A","A","0","Y","A","01",0,1,0,0,0,0,1,0,0,"-","-","MARYSVILLE","YUBA","CA",0,0
"5255612",-121.387203709,39.0377246194,2011,"5800","5","3","3","05",0,1,"A",,,,,,300,7,"E","I","A","SPENCEVILLE RD","JASPER LN",7392,"E","N","2012-11-26",9285,"2011-07-20",230,"014744",,"3","9","0","3",,"2","002","-","N",,0,0,,,0,,,,"Y",1,"A","-",21650,,"N","A","-","-","A","D","0","Y","A","01",0,1,0,0,0,0,0,0,0,"-","-","UNINCORPORATED","YUBA","CA",-121.38586,39.03899
"5255616",-121.564175126,39.122838505,2011,"5800","4","1","2","08",0,1,"A",,,,,,2100,7,"F","A","A","HAMMONTON SMARTVILLE RD","HAMMONTON RD",141,"W","N","2012-11-26",9285,"2011-07-18",1900,"18632",,"2","9","0","2",,"1","042","-","N",,0,0,,,0,,,,"Y",1,"A","-",22107,,"N","A","H","-","A","D","0","Y","A","01",1,0,0,0,0,0,0,0,0,"-","-","UNINCORPORATED","YUBA","CA",-121.45164,39.16517
"5255624",-121.327677181,39.197644734,2011,"5800","4","7","3","05",0,1,"A",,,"Y",,,1800,7,"F","A","A","HAMMONTON SMARTVILLE RD","SOUTH GOLDEN PKWY",3432,"W","N","2012-11-26",9285,"2011-07-17",1510,"15873",,"2","9","0","2",,"1","042","-","N",,0,0,,,0,,,,"Y",1,"A","-",21650,,"N","A","H","-","A","D","0","Y","C","02",0,1,0,0,0,0,0,0,1,"-","-","UNINCORPORATED","YUBA","CA",-121.32759,39.19771
"5255628",-121.393467478,39.2781177521,2011,"5800","3","4","2","05",0,1,"A",,,,,,1800,7,"E","I","A","MARYSVILLE RD","SPRING VALLEY RD",378,"N","N","2012-11-26",9285,"2011-07-28",1515,"10840",,"2","9","0","1",,"2","061","-","N",,0,0,,,0,,,,"Y",1,"A","-",21650,,"N","A","H","-","A","D","0","Y","A","07",1,0,0,0,0,0,0,0,0,"-","-","UNINCORPORATED","YUBA","CA",-121.39337,39.27843
"5255636",-121.551272001,39.0952699062,2011,"5800","5","3","3","18",0,1,"A",,"Y",,,,1800,7,"H","A","A","7TH AV","OLIVEHURST AV",94,"E","N","2012-11-26",9285,"2011-07-27",1615,"16868",,"2","9","0","3",,"2","002","-","N",,0,0,,,0,,,,"N",1,"C","-",0,,"N","A","H","-","A","D","0","Y","-","-",0,1,0,0,0,0,1,0,0,"-","-","UNINCORPORATED","YUBA","CA",-121.55119,39.09522
"5255640",0,0,2011,"5800","5","2","3","22",0,2,"A",,,"Y",,,1200,7,"F","A","A","PINEVIEW LN","DOUGLAS WY",3696,"S","N","2012-11-26",9285,"2011-07-26",1020,"17163",,"1","9","0","3",,"2","008","-","N",,0,0,,,0,,,,"N",1,"B","-",0,,"N","A","H","-","A","D","0","Y","C","06",0,2,0,0,0,0,0,0,2,"-","-","UNINCORPORATED","YUBA","CA",-121.40867,39.33118
"5255679",0,0,2011,"5800","4","7","4","03",0,1,"A",,,,,,1500,7,"F","A","A","HAMMONTON SMARTVILLE RD","DOOLITTLE GATE",3168,"E","N","2012-11-26",9285,"2011-07-17",1310,"16968",,"1","9","0","2",,"1","042","-","N",,0,0,,,0,,,,"Y",1,"A","-",22350,,"N","A","H","-","A","D","0","Y","A","07",0,0,1,0,0,0,0,0,0,"-","-","UNINCORPORATED","YUBA","CA",-121.35025,39.19112
"5256483",-121.543301545,38.9802282779,2011,"5800","3","6","4","03",0,1,"A",,,,,,1200,8,"C","C","A","RT 70","FEATHER RIVER BL",1000,"N","N","2013-02-01",9285,"2011-08-13",1115,"16868",,"1","9","0","1",,"1","020","-","Y","YUB",3,70,"-","R",0.54,"H","-","E","N",2,"A","-",22350,,"N","A","D","-","A","D","0","Y","A","01",0,0,1,0,0,0,0,0,0,"-","-","UNINCORPORATED","YUBA","CA",-121.57826,39.12521
"5256542",-121.407705525,39.2299703747,2011,"5800","4","3","3","01",0,1,"A",,,,,"Y",2400,7,"E","I","A","RT 20","BROWNS VALLEY SCHOOL RD",427,"E","N","2012-10-08",9285,"2011-07-27",2145,"018522",,"2","9","0","2",,"2","062","-","Y","YUB",3,20,"-","-",13.66,"H","-","E","Y",1,"A","-",23152,"A","N","A","H","-","D","D","0","Y","D","22",0,1,0,0,0,0,0,0,0,"-","-","UNINCORPORATED","YUBA","CA",-121.24198,39.13498
"5256558",-121.544687565,39.0972894205,2011,"5800","3","3","4","03",0,1,"A",,,,"Y",,300,8,"C","C","A","RT 70","OLIVEHURST AV",2640,"S","N","2013-03-18",9285,"2011-08-10",9,"14480",,"3","9","0","1",,"1","020","-","Y","YUB",3,70,"-","R",8.78,"H","-","W","Y",2,"A","-",22350,,"N","A","D","-","D","D","1","Y","A","01",0,0,1,0,0,0,0,0,0,"-","-","UNINCORPORATED","YUBA","CA",-121.54478,39.09743
"5265173",0,0,2011,"5801","0","3","4","05",0,1,"A",,,,,,1800,7,"A","C","A","5TH ST BRIDGE","J ST",1116,"W","N","2012-11-30",5801,"2011-07-06",1719,"SAM2","5801","5","3","0","0",,"0","00W","-","N",,0,0,,,0,,,,"Y",2,"A","-",21650,,"N","A","H","-","A","D","0","Y","A","01",0,0,1,0,0,0,0,0,0,"-","-","MARYSVILLE","YUBA","CA",0,0
"5268202",-121.559851751,39.1132267939,2011,"5800","5","7","3","03",0,1,"B",,,"Y",,,1800,6,"E","A","A","ERLE RD","LINDHURST AV",400,"W","N","2012-10-26",9285,"2011-06-05",1620,"15873",,"2","9","0","3",,"2","004","-","N",,0,0,,,0,,,,"N",1,"A","-",22350,,"N","A","H","-","A","D","0","Y","C","03",0,1,0,0,0,0,0,0,1,"-","-","UNINCORPORATED","YUBA","CA",-121.56007,39.11314
"5268226",-121.58341857,39.1283763226,2011,"5800","3","1","3","08",0,3,"A",,,,,"Y",2400,6,"C","C","A","RT 70","FEATHER RIVER BL",1406,"N","N","2012-12-20",9285,"2011-06-13",2125,"18658",,"2","9","0","1",,"1","020","-","Y","YUB",3,70,"-","-",13.29,"H","-","E","Y",2,"A","-",22107,,"N","A","H","-","C","A","4","Y","A","01",0,3,0,0,0,0,0,0,0,"-","-","UNINCORPORATED","YUBA","CA",-121.58108,39.12702
"5273780",-121.071918099,39.4239374111,2011,"5800","3","2","4","03",0,1,"A",,,,,,1500,8,"C","C","A","RT 49","RIDGE RD",3960,"N","N","2013-02-11",9230,"2011-08-23",1325,"17881",,"1","9","0","1",,"1","081","-","Y","YUB",3,49,"-","-",2.44,"H","-","N","N",2,"A","-",22350,,"N","A","H","-","A","D","0","Y","E","22",0,0,1,0,0,0,0,0,0,"-","-","UNINCORPORATED","YUBA","CA",-121.0778,39.40376
"5282481",-121.413344795,39.2281218499,2011,"5800","4","3","3","08",0,1,"A",,,,,,2400,8,"E","I","A","RT 20","MARYSVILLE RD",528,"E","N","2013-03-20",9285,"2011-08-10",2100,"17393",,"2","9","0","2",,"2","062","-","Y","YUB",3,20,"-","-",13.33,"H","-","W","Y",1,"A","-",22107,,"N","A","H","-","D","D","0","Y","D","22",0,1,0,0,0,0,0,0,0,"-","-","UNINCORPORATED","YUBA","CA",-121.41124,39.22887
"5282486",-121.475663171,39.0424151636,2011,"5800","4","5","3","09",0,2,"A",,,,,,1200,8,"D","C","A","RT 65","MORRISON RD",0,,"Y","2013-04-18",9285,"2011-08-19",1145,"15048",,"1","9","0","2",,"2","025","-","Y","YUB",3,65,"-","T",4.245,"I","5","S","Y",2,"A","-",21801,"A","N","A","H","-","A","D","1","Y","D","22",0,2,0,0,0,0,0,0,0,"-","-","UNINCORPORATED","YUBA","CA",-121.47574,39.04234
"5288042",0,0,2011,"5800","4","2","4","04",0,1,"A",,,,,,1500,7,"C","C","A","NORTH BEALE RD","WALMART CENTER",25,"S","N","2012-11-05",9285,"2011-07-26",1330,"018632",,"1","9","0","2",,"1","041","-","N",,0,0,,,0,,,,"N",2,"A","-",21703,,"N","A","H","-","A","A","0","Y","A","01",0,0,1,0,0,0,0,0,0,"-","-","UNINCORPORATED","YUBA","CA",-121.5641,39.12287
"5288050",-121.549765761,39.1211536,2011,"5800","5","7","3","01",0,1,"A",,,,,"Y",300,7,"A","E","A","FERNWOOD DR","OAKWOOD DR",279,"E","N","2012-11-05",9285,"2011-07-31",130,"018107",,"3","9","0","3",,"2","004","-","N",,0,0,,,0,,,,"Y",2,"A","-",23152,"A","N","A","H","-","C","D","0","Y","A","01",0,1,0,0,0,0,0,0,0,"-","-","UNINCORPORATED","YUBA","CA",-121.55012,39.1213
"5288054",-121.54463,39.12788,2011,"5800","4","1","4","03",0,1,"A",,,,,,600,7,"C","C","A","NORTH BEALE RD","WOODLAND DR",0,,"Y","2012-11-05",9285,"2011-07-25",525,"18658",,"3","9","0","2",,"1","041","-","N",,0,0,,,0,,,,"N",2,"A","-",22350,,"N","A","H","-","A","D","0","Y","A","01",0,0,1,0,0,0,0,0,0,"-","-","UNINCORPORATED","YUBA","CA",-121.54469,39.17789
"5288170",-121.600685522,39.2305077254,2011,"5800","3","1","3","08",0,2,"A",,,"Y",,,1500,8,"H","I","A","RT 70","WOODRUFF LN",3696,"N","N","2013-02-07",9285,"2011-08-08",1330,"016968",,"1","9","0","1",,"1","060","-","Y","YUB",3,70,"-","-",20.44,"H","-","E","Y",1,"A","-",22107,,"N","A","H","-","A","D","0","Y","C","02",0,2,0,0,0,0,0,0,2,"-","-","UNINCORPORATED","YUBA","CA",-121.6012,39.23065
"5288174",0,0,2011,"5800","4","4","4","03",0,1,"A",,,,,,1800,8,"C","C","A","RT 65","BEAR RIVER BR",528,"N","N","2013-02-07",9285,"2011-08-04",1726,"017100",,"2","9","0","2",,"2","025","-","Y","PLA",3,65,"-","R",24.07,"H","-","N","Y",3,"A","-",22350,,"N","A","H","-","A","D","0","Y","A","01",0,0,1,0,0,0,0,0,0,"-","-","UNINCORPORATED","YUBA","CA",-121.3573,39.85937
"5288191",-121.562888849,39.1273686285,2011,"5800","4","6","3","09",0,1,"A",,,"Y",,,1800,8,"E","A","A","NORTH BEALE RD","SILVERWOOD ST",30,"E","N","2012-12-08",9285,"2011-08-06",1625,"015048",,"2","9","0","2",,"1","041","-","N",,0,0,,,0,,,,"N",2,"A","-",21802,"A","N","A","H","-","A","A","0","Y","A","08",0,1,0,0,0,0,0,0,1,"-","-","UNINCORPORATED","YUBA","CA",-121.56277,39.12752
"5288533",-121.59121165,39.1453912518,2011,"5801","0","4","2","03",0,2,"A",,,"Y",,,2400,8,"E","I","A","RT 20","10TH ST",0,,"Y","2013-04-03",5801,"2011-08-11",2136,"SAM3","5801","5","3","0","0",,"0","5801","-","Y","YUB",3,20,"-","-",0.94,"I","5","W","Y",1,"A","-",22350,,"N","A","H","-","C","A","0","Y","C","02",1,1,0,0,0,0,0,0,2,"-","-","MARYSVILLE","YUBA","CA",0,0
"5288537",-121.568888602,39.1589687826,2011,"5801","0","6","4","09",0,1,"A",,,,,,900,8,"D","C","A","RIDEOUT WY","HALL ST",480,"E","N","2012-12-04",5801,"2011-08-13",753,"365","MARYS","5","3","0","0",,"0",,"-","N",,0,0,,,0,,,,"Y",2,"A","-",21804,"A","N","A","H","-","A","D","0","Y","A","08",0,0,1,0,0,0,0,0,0,"-","-","MARYSVILLE","YUBA","CA",0,0
"5291131",-121.413516602,39.3139960003,2011,"5800","3","6","1","05",1,0,"A",,,"Y",,"Y",300,8,"E","I","A","LOMA RICA RD","LOOP RD",152,"N","N","2013-03-27",9285,"2011-08-06",51,"018107",,"3","9","0","1",,"2","061","-","N",,0,0,,,0,,,,"Y",1,"A","-",21650,,"N","A","H","-","D","D","0","Y","C","02",0,0,0,0,0,0,0,1,0,"-","-","UNINCORPORATED","YUBA","CA",-121.4137,39.31398
"5291153",-121.543513182,39.0403812356,2011,"5800","5","2","1","18",1,0,"A","Y",,,,"Y",600,7,"G","B","E","PLUMAS ARBOGA RD","ALGODON RD",5280,"N","N","2011-09-14",9285,"2011-07-05",325,"018522",,"3","9","0","3",,"2","002","-","N",,0,0,,,0,,,,"N",2,"C","-",0,,"N","A","H","-","D","D","0","Y","-","-",0,0,0,1,0,0,0,0,0,"-","-","UNINCORPORATED","YUBA","CA",-121.54362,39.04182
"5291414",-121.565501868,39.1579371469,2011,"5801","0","2","1","03",1,1,"B",,,,"Y","Y",1800,6,"D","C","A","RT 20","EAST 17TH ST",1387,"E","N","2011-10-24",5801,"2011-06-28",1520,"304","5801","5","3","0","0",,"0",,"C","Y","YUB",3,20,"-","R",2.88,"H","-","W","Y",2,"A","-",22350,,"N","B","H","-","A","D","0","Y","G","25",0,1,0,0,0,0,0,0,0,"-","-","MARYSVILLE","YUBA","CA",0,0
"5291886",-121.596305851,39.1484331298,2011,"5801","0","2","4","04",0,1,"A",,,,,,1500,8,"C","C","A","H ST","13TH ST",122,"S","N","2012-12-08",5801,"2011-08-02",1437,"302","MPD","5","3","0","0",,"0","5801","-","N",,0,0,,,0,,,,"N",2,"A","-",21703,,"N","A","H","-","A","D","0","Y","A","01",0,0,1,0,0,0,0,0,0,"-","-","MARYSVILLE","YUBA","CA",0,0
"5291902",-121.59892,39.13957,2011,"5801","0","2","3","00",0,1,"A",,"Y",,,,1800,8,"-","G","A","5TH ST","OLIVE ST",0,,"Y","2012-12-27",5801,"2011-08-09",1739,"SAM3","5801","5","3","0","0",,"0",,"-","N",,0,0,,,0,,,,"N",2,"D","-",0,,"F","A","H","-","A","A","0","Y","-","-",0,1,0,0,0,0,1,0,0,"-","-","MARYSVILLE","YUBA","CA",0,0
"5291937",-121.543626273,38.9776703936,2011,"5800","5","3","3","03",0,2,"A",,,,,,1800,8,"C","C","A","FEATHER RIVER BL","RT 70",100,"S","N","2013-04-05",9285,"2011-08-03",1638,"16968",,"2","9","0","3",,"2","002","-","N",,0,0,,,0,,,,"N",2,"A","-",22350,,"N","A","H","-","A","D","0","Y","A","01",0,1,1,0,0,0,0,0,0,"-","-","UNINCORPORATED","YUBA","CA",-121.6209,39.14053
"5296339",-121.59193,39.13895,2011,"5801","0","5","3","12",0,1,"A","Y",,,,"Y",2400,9,"G","B","B","4TH ST","F ST",0,,"Y","2012-12-13",5801,"2011-09-09",2132,"308","5801","5","3","0","0",,"0",,"-","N",,0,0,,,0,,,,"N",2,"A","-",22450,"A","F","A","H","-","A","A","0","Y","A","01",0,1,0,0,1,0,0,0,0,"-","-","MARYSVILLE","YUBA","CA",0,0
"5305610",-121.581475449,39.1198266021,2011,"5800","4","4","4","03",0,3,"A",,,,,,900,9,"C","C","A","FEATHER RIVER BL","ALICIA AV",40,"W","N","2012-12-12",9285,"2011-09-08",705,"015048",,"1","9","0","2",,"1","021","-","N",,0,0,,,0,,,,"N",2,"A","-",22350,,"N","A","H","-","A","A","0","Y","D","22",0,0,3,0,0,0,0,0,0,"-","-","UNINCORPORATED","YUBA","CA",-121.58135,39.11979
"5305659",-121.406952011,39.3132147592,2011,"5800","3","5","3","05",0,1,"A",,,,,,1500,9,"B","C","A","LOMA RICA RD","BONANZA WY",205,"S","N","2012-12-12",9285,"2011-09-02",1400,"010840",,"2","9","0","1",,"2","061","-","N",,0,0,,,0,,,,"Y",2,"A","-",21460,"A","N","A","H","-","A","D","0","Y","D","22",0,1,0,0,0,0,0,0,0,"-","-","UNINCORPORATED","YUBA","CA",-121.40747,39.31329