"CASEID","POINT_X","POINT_Y","YEAR_","LOCATION","CHPTYPE","DAYWEEK","CRASHSEV","VIOLCAT","KILLED","INJURED","WEATHER1","PEDCOL","BICCOL","MCCOL","TRUCKCOL","ETOH","TIMECAT","MONTH_","CRASHTYP","INVOLVE","PED","PRIMARYRD","SECONDRD","DISTANCE","DIRECT","INTERSECT_","PROCDATE","JURIS","DATE_","TIME_","BADGE","JURIDIST","SHIFT","POP","SPECIAL","BEATTYPE","LAPDDIV","BEATCLAS","BEATNUMB","WEATHER2","STATEHW","CALTRANC","CALTRAND","STROUTE","ROUTESUF","POSTPRE","POSTMILE","LOCATYPE","RAMP","SIDEHW","TOWAWAY","PARTIES","PCF","VIOLCODE","VIOL","VIOLSUB","HITRUN","ROADSURF","RDCOND1","RDCOND2","LIGHTING","RIGHTWAY","CHPRDTYP","NOTPRIV","STFAULT","CHPFAULT","SEVINJ","OTHERINJ","COP","PEDKILL","PEDINJ","BICKILL","BICINJ","MCKILL","MCINJURE","RAMP1","RAMP2","CITY","COUNTY","STATE","X_CHP","Y_CHP"
"5305667",-121.556054618,39.1110681673,2011,"5800","5","3","4","03",0,1,"A",,,,,,1800,9,"C","C","A","LINDHURST AV","ERLE RD",1056,"S","N","2012-12-12",9285,"2011-09-07",1605,"015048",,"2","9","0","3",,"2","002","-","N",,0,0,,,0,,,,"Y",2,"A","-",22350,,"N","A","H","-","A","D","0","Y","D","22",0,0,1,0,0,0,0,0,0,"-","-","UNINCORPORATED","YUBA","CA",-121.55556,39.11106
"5309825",-121.596550662,39.268853407,2011,"5800","3","1","4","08",0,1,"A",,,,,,900,8,"B","C","A","RT 70","RAMIREZ RD",941,"N","N","2013-02-01",9285,"2011-08-22",615,"16868",,"1","9","0","1",,"1","060","-","Y","YUB",3,70,"-","-",23.07,"H","-","W","Y",2,"A","-",22107,,"N","A","H","-","A","D","0","Y","D","22",0,0,1,0,0,0,0,0,0,"-","-","UNINCORPORATED","YUBA","CA",-121.39244,39.28126
"5309831",-121.575775953,39.1256423166,2011,"5800","4","4","3","03",0,2,"A",,,,,,1200,8,"C","C","A","NORTH BEALE RD","FEATHER RIVER BL",5,"S","N","2012-12-07",9285,"2011-08-18",1155,"17889",,"1","9","0","2",,"1","041","-","N",,0,0,,,0,,,,"N",2,"A","-",22350,,"N","A","H","-","A","A","0","Y","D","22",0,1,1,0,0,0,0,0,0,"-","-","UNINCORPORATED","YUBA","CA",-121.34323,39.0732
"5309832",-121.546329495,39.1353351665,2011,"5800","4","3","4","09",0,1,"A",,,,,,1800,8,"D","C","A","HAMMONTON SMARTVILLE RD","MCLAUGHLIN WY",50,"W","N","2012-12-07",9285,"2011-08-17",1728,"15873",,"2","9","0","2",,"1","042","-","N",,0,0,,,0,,,,"Y",2,"A","-",21801,"A","N","A","H","-","A","D","0","Y","D","22",0,0,1,0,0,0,0,0,0,"-","-","UNINCORPORATED","YUBA","CA",-121.5575,39.12733
"5309894",-121.314460938,39.3943880665,2011,"5800","4","3","3","17",0,2,"A",,,,,,600,8,"F","I","A","WILLOW GLENN RD","MARYSVILLE RD",12144,"N","N","2012-12-06",9285,"2011-08-24",500,"10840",,"3","9","0","2",,"2","081","-","N",,0,0,,,0,,,,"Y",1,"A","-",21662,,"N","A","H","-","D","D","0","Y","D","22",0,2,0,0,0,0,0,0,0,"-","-","UNINCORPORATED","YUBA","CA",-121.31909,39.38601
"5309895",-121.340969147,39.4402061475,2011,"5800","4","6","3","03",0,1,"A",,"Y",,,,1800,8,"C","G","A","LA PORTE RD","MARTIN RD",220,"E","N","2012-12-07",9285,"2011-08-20",1625,"10840",,"2","9","0","2",,"2","082","-","N",,0,0,,,0,,,,"N",3,"A","-",22350,,"N","A","H","-","A","D","0","Y","L","04",0,1,0,0,0,0,1,0,0,"-","-","UNINCORPORATED","YUBA","CA",-121.34087,39.44023
"5309900",0,0,2011,"5800","5","4","4","08",0,1,"A",,,,,"Y",2400,8,"E","I","A","FEATHER RIVER BL","PLUMAS ARBOGA RD",1098,"N","N","2012-12-06",9285,"2011-08-25",2255,"18658",,"3","9","0","3",,"2","002","-","N",,0,0,,,0,,,,"Y",1,"A","-",22107,,"N","A","H","-","D","D","0","Y","D","22",0,0,1,0,0,0,0,0,0,"-","-","UNINCORPORATED","YUBA","CA",-121.57908,39.05837
"5311489",-121.077543342,39.4042409998,2011,"5800","3","2","3","03",0,1,"A",,,"Y",,,1500,8,"E","I","A","RT 49","RIDGE RD",4224,"S","N","2013-02-21",9230,"2011-08-23",1320,"16843",,"1","9","0","1",,"1","081","-","Y","YUB",3,49,"-","-",0.89,"H","-","S","Y",1,"A","-",22350,,"N","A","H","-","A","D","0","Y","C","02",0,1,0,0,0,0,0,0,1,"-","-","UNINCORPORATED","YUBA","CA",-121.07759,39.40412
"5312137",-121.56398,39.1635,2011,"5801","0","2","3","12",0,1,"A","Y",,,,,900,9,"G","B","B","JOHNSON AV","CHEIM BL",0,,"Y","2012-12-11",5801,"2011-09-13",753,"303",,"5","3","0","0",,"0","00E","-","N",,0,0,,,0,,,,"N",2,"A","-",22450,,"N","A","H","-","A","-","0","Y","D","22",0,1,0,0,1,0,0,0,0,"-","-","MARYSVILLE","YUBA","CA",0,0
"5315041",-121.499404166,39.2476368298,2011,"5800","3","7","3","01",0,1,"A",,,,,"Y",1800,9,"F","A","A","LOMA RICA RD","LAS QUINTAS WY",4752,"N","N","2012-12-11",9285,"2011-09-18",1653,"010840",,"2","9","0","1",,"2","061","-","N",,0,0,,,0,,,,"Y",1,"A","-",23152,"A","N","A","H","-","A","D","0","Y","D","22",0,1,0,0,0,0,0,0,0,"-","-","UNINCORPORATED","YUBA","CA",-121.49481,39.25486
"5315061",-121.36762292,39.3578684825,2011,"5800","5","5","2","08",0,1,"A",,,,"Y",,300,9,"E","I","A","LOS VERJELES RD","LOMA RICA RD",9240,"N","N","2012-12-10",9285,"2011-09-16",100,"18522",,"3","9","0","3",,"2","006","-","N",,0,0,,,0,,,,"Y",1,"A","-",22107,,"N","A","H","-","E","D","0","Y","F","25",1,0,0,0,0,0,0,0,0,"-","-","UNINCORPORATED","YUBA","CA",-121.36789,39.35824
"5315069",-121.53546658,39.1913930597,2011,"5800","4","1","3","18",0,1,"A",,,,,,600,9,"E","J","A","RT 20","WALNUT AV",2640,"E","N","2013-03-20",9285,"2011-09-19",545,"014744",,"3","9","0","2",,"2","062","-","Y","YUB",3,20,"-","R",5.71,"H","-","W","Y",3,"C","-",0,,"N","A","H","-","D","D","0","Y","-","-",0,1,0,0,0,0,0,0,0,"-","-","UNINCORPORATED","YUBA","CA",-121.64497,39.14546
"5315073",-121.510796916,39.2169947376,2011,"5800","3","6","4","08",0,1,"A",,,,,,2400,9,"E","J","A","LOMA RICA RD","RT 20",1056,"N","N","2013-04-04",9285,"2011-09-24",2300,"18658",,"3","9","0","1",,"2","061","-","N",,0,0,,,0,,,,"Y",1,"A","-",22107,,"N","A","H","-","D","D","0","Y","E","22",0,0,1,0,0,0,0,0,0,"-","-","UNINCORPORATED","YUBA","CA",-121.51077,39.21788
"5318731",-121.335489175,39.3431303172,2011,"5800","4","3","4","03",0,1,"A",,,,,,1800,8,"C","C","A","MARYSVILLE RD","COLLINS LAKE RD",29,"N","N","2012-12-10",9285,"2011-08-24",1550,"17393",,"2","9","0","2",,"2","081","-","N",,0,0,,,0,,,,"N",2,"A","-",22350,,"N","A","H","-","A","D","0","Y","A","07",0,0,1,0,0,0,0,0,0,"-","-","UNINCORPORATED","YUBA","CA",-121.3354,39.34317
"5318760",0,0,2011,"5800","5","6","4","18",0,1,"A",,,,,,300,8,"H","H","A","FORTY MILE RD","LEACH RD",10,"N","N","2012-12-10",9285,"2011-08-27",100,"18561",,"3","9","0","3",,"2","004","-","N",,0,0,,,0,,,,"N",1,"C","-",0,,"N","A","H","-","D","A","0","Y","-","-",0,0,1,0,0,0,0,0,0,"-","-","UNINCORPORATED","YUBA","CA",-121.49567,39.00324
"5318772",-121.368932844,39.313342887,2011,"5800","3","2","3","08",0,1,"A",,,,,,1800,8,"E","I","A","MARYSVILLE RD","SCOTT GRANT RD",146,"S","N","2012-12-10",9285,"2011-08-30",1548,"17393",,"2","9","0","1",,"2","061","-","N",,0,0,,,0,,,,"Y",1,"A","-",22107,,"N","A","H","-","A","D","0","Y","A","01",0,1,0,0,0,0,0,0,0,"-","-","UNINCORPORATED","YUBA","CA",-121.22483,39.48606
"5318776",-121.574105351,39.1197760191,2011,"5800","4","7","3","00",0,1,"A",,"Y",,,,1800,8,"B","G","A","ARBOGA RD","LAUREL AV",50,"N","N","2012-12-10",9285,"2011-08-21",1520,"15030",,"2","9","0","2",,"1","022","-","N",,0,0,,,0,,,,"N",2,"D","-",0,,"N","A","H","-","-","D","0","Y","-","-",0,1,0,0,0,0,1,0,0,"-","-","UNINCORPORATED","YUBA","CA",-121.57422,39.11976
"5318780",-121.558302128,39.1131010004,2011,"5800","5","1","4","03",0,1,"A",,,,,,1500,8,"C","C","A","LINDHURST AV","ERLE RD",75,"S","N","2012-12-10",9285,"2011-08-15",1425,"11077",,"2","9","0","3",,"2","004","-","N",,0,0,,,0,,,,"N",2,"A","-",22350,,"N","A","H","-","A","A","0","Y","A","01",0,0,1,0,0,0,0,0,0,"-","-","UNINCORPORATED","YUBA","CA",-121.56138,39.11346
"5318796",-121.564768805,39.1395168267,2011,"5800","5","7","4","09",0,2,"A",,,,,,1500,8,"D","C","A","SIMPSON LN","BABBINGTON RD",1584,"S","N","2012-12-10",9285,"2011-08-21",1240,"015030",,"1","9","0","3",,"2","004","-","N",,0,0,,,0,,,,"N",2,"A","-",21804,"A","N","A","H","-","A","A","0","Y","A","01",0,0,2,0,0,0,0,0,0,"-","-","UNINCORPORATED","YUBA","CA",-121.55932,39.13829
"5326587",-121.554495071,39.1133289014,2011,"5800","5","3","3","01",0,1,"A",,"Y",,,,1800,8,"A","G","A","ERLE RD","EDGEWATER CIR",80,"W","N","2012-12-04",9285,"2011-08-10",1755,"017889",,"2","9","0","3",,"2","004","-","N",,0,0,,,0,,,,"N",2,"A","-",21200,"5","N","A","H","-","A","D","0","Y","L","04",0,1,0,0,0,0,1,0,0,"-","-","UNINCORPORATED","YUBA","CA",-121.55494,39.11341
"5326591",-121.220150854,39.484446862,2011,"5800","4","5","4","08",0,1,"A",,,,,,300,8,"E","I","A","LA PORTE RD","OLD LA PORTE RD",292,"S","N","2012-12-04",9285,"2011-08-19",19,"018561",,"3","9","0","2",,"2","082","-","N",,0,0,,,0,,,,"Y",1,"A","-",22107,,"N","A","H","-","D","D","0","Y","A","07",0,0,1,0,0,0,0,0,0,"-","-","UNINCORPORATED","YUBA","CA",-121.21571,39.48462
"5326599",-121.23151087,39.3756455059,2011,"5800","4","2","2","18",0,1,"A",,,"Y",,,1200,8,"E","H","A","MARYSVILLE RD","FRENCHTOWN DOBBINS RD",290,"W","N","2012-12-04",9285,"2011-08-09",1040,"017393",,"1","9","0","2",,"2","081","-","N",,0,0,,,0,,,,"Y",1,"C","-",0,,"N","A","H","-","A","D","0","Y","-","-",1,0,0,0,0,0,0,0,1,"-","-","UNINCORPORATED","YUBA","CA",0,0
"5326918",-121.596882899,39.2669676208,2011,"5800","3","3","4","08",0,1,"A",,,,,,2400,8,"E","I","A","RT 70","RAMIREZ RD",275,"N","N","2013-03-18",9285,"2011-08-17",2355,"18107",,"3","9","0","1",,"1","060","-","Y","YUB",3,70,"-","-",22.94,"H","-","E","Y",1,"A","-",22107,,"N","A","H","-","D","D","0","Y","A","01",0,0,1,0,0,0,0,0,0,"-","-","UNINCORPORATED","YUBA","CA",-121.55406,39.0997
"5326922",-121.145035075,39.3804994792,2011,"5800","4","6","3","01",0,1,"A",,,"Y",,"Y",2100,8,"F","I","A","MARYSVILLE RD","OREGON HILL RD",7392,"E","N","2013-03-08",9285,"2011-08-13",1940,"10840",,"2","9","0","2",,"2","081","-","N",,0,0,,,0,,,,"Y",1,"A","-",23152,"A","N","A","H","-","A","D","0","Y","C","02",0,1,0,0,0,0,0,0,1,"-","-","UNINCORPORATED","YUBA","CA",-121.14532,39.38
"5326930",0,0,2011,"5800","4","7","3","18",0,1,"A",,,"Y",,,900,8,"H","H","A","MARYSVILLE RD","RICES CROSSING RD",2640,"E","N","2012-12-03",9285,"2011-08-07",600,"10840",,"1","9","0","2",,"2","081","-","N",,0,0,,,0,,,,"Y",1,"C","-",0,,"N","A","H","-","B","D","0","Y","-","-",0,1,0,0,0,0,0,0,1,"-","-","UNINCORPORATED","YUBA","CA",-121.27514,39.35712
"5327079",-121.58119574,39.1270329495,2011,"5800","3","3","4","03",0,1,"A",,,,"Y",,1800,9,"C","C","A","RT 70","S FEATHER RIVER BL",528,"N","N","2013-03-18",9285,"2011-09-21",1515,"014825",,"2","9","0","1",,"1","020","-","Y","YUB",3,70,"-","-",13.12,"H","-","E","Y",2,"A","-",22350,,"N","A","H","-","A","D","4","Y","I","11",0,0,1,0,0,0,0,0,0,"-","-","UNINCORPORATED","YUBA","CA",-121.54282,38.97914
"5327095",-121.523654773,39.1270060995,2011,"5800","5","3","2","01",0,2,"A",,,,,"Y",1800,9,"E","I","A","GRIFFITH AV","NORTH BEALE RD",444,"S","N","2012-12-17",9285,"2011-09-28",1625,"014878",,"2","9","0","3",,"2","004","-","N",,0,0,,,0,,,,"Y",1,"A","-",23152,"A","N","A","H","-","A","D","0","Y","D","22",1,1,0,0,0,0,0,0,0,"-","-","UNINCORPORATED","YUBA","CA",-121.31253,39.7373
"5327103",0,0,2011,"5800","5","2","3","09",0,2,"A",,,,,,1800,9,"D","C","A","FORBESTOWN RESERVOIR RD","OLD FORBESTOWN RD",0,,"Y","2012-12-17",9285,"2011-09-27",1610,"014878",,"2","9","0","3",,"2","008","-","N",,0,0,,,0,,,,"Y",2,"A","-",21802,"A","N","A","H","-","A","A","0","Y","D","22",0,2,0,0,0,0,0,0,0,"-","-","UNINCORPORATED","YUBA","CA",-121.27544,39.51903
"5328650",-121.54463,39.12788,2011,"5800","4","5","3","09",0,1,"A",,"Y",,,,1500,9,"D","G","A","NORTH BEALE RD","WOODLAND DR",0,,"Y","2012-12-15",9285,"2011-09-09",1335,"15873",,"1","9","0","2",,"1","041","-","N",,0,0,,,0,,,,"N",2,"A","-",21804,"A","N","A","H","-","A","D","0","Y","A","01",0,1,0,0,0,0,1,0,0,"-","-","UNINCORPORATED","YUBA","CA",-121.54465,39.12789
"5328698",-121.575724218,39.1256337781,2011,"5800","4","3","4","21",0,1,"A",,,,,,1800,9,"C","C","A","NORTH BEALE RD","FEATHER RIVER BL",20,"S","N","2012-12-15",9285,"2011-09-28",1640,"16343",,"2","9","0","2",,"1","041","-","N",,0,0,,,0,,,,"N",2,"A","-",22106,,"N","A","H","-","A","A","0","Y","A","01",0,0,1,0,0,0,0,0,0,"-","-","UNINCORPORATED","YUBA","CA",-121.57577,39.12566
"5328706",-121.526151221,39.2651577214,2011,"5800","5","4","4","08",0,1,"A",,,,,,600,9,"F","A","A","TANABE RD","RAMIREZ RD",1056,"E","N","2012-12-15",9285,"2011-09-29",405,"16968",,"3","9","0","3",,"2","006","-","N",,0,0,,,0,,,,"Y",1,"A","-",22107,,"N","A","H","-","A","D","0","Y","A","07",0,0,1,0,0,0,0,0,0,"-","-","UNINCORPORATED","YUBA","CA",-121.52745,39.2652
"5329015",-121.59892,39.13957,2011,"5801","0","4","4","03",0,1,"A",,,,,,900,9,"C","C","A","5TH ST","OLIVE ST",550,"W","N","2012-12-10",5801,"2011-09-15",759,"303",,"5","3","0","0",,"0",,"-","N",,0,0,,,0,,,,"Y",4,"A","-",22350,,"N","A","H","-","A","D","0","Y","D","22",0,0,1,0,0,0,0,0,0,"-","-","MARYSVILLE","YUBA","CA",0,0
"5329636",-121.504857951,39.1084929443,2011,"5800","5","4","2","03",0,1,"A",,,,,,1200,9,"F","A","A","ERLE RD","DUGGIN ST",2112,"N","N","2012-12-18",9285,"2011-09-08",934,"17100",,"1","9","0","3",,"2","004","-","N",,0,0,,,0,,,,"Y",1,"A","-",22350,,"N","A","H","-","A","D","0","Y","A","01",1,0,0,0,0,0,0,0,0,"-","-","UNINCORPORATED","YUBA","CA",-121.5023,39.10815
"5329652",-121.589891234,39.1361974348,2011,"5800","3","5","4","03",0,1,"A",,,,,,1500,9,"B","C","A","RT 70","NORTH BEALE RD",528,"N","N","2013-04-03",9285,"2011-09-02",1255,"15048",,"1","9","0","1",,"1","020","-","Y","YUB",3,70,"-","-",14.04,"H","-","E","N",2,"A","-",22350,,"N","A","H","-","A","D","4","Y","A","01",0,0,1,0,0,0,0,0,0,"-","-","UNINCORPORATED","YUBA","CA",-121.58703,39.13078
"5329745",-121.595033558,39.2984764471,2011,"5800","3","2","4","03",0,1,"A",,,,,,600,8,"C","C","A","RT 70","CHANDLER RD",1584,"N","N","2013-02-07",9285,"2011-08-23",545,"16968",,"3","9","0","1",,"1","060","-","Y","YUB",3,70,"-","-",25.1,"H","-","E","Y",2,"A","-",22350,,"N","A","H","-","D","D","0","Y","A","01",0,0,1,0,0,0,0,0,0,"-","-","UNINCORPORATED","YUBA","CA",-121.64496,39.14547
"5333536",-121.512755991,39.2133277319,2011,"5800","4","7","4","03",0,2,"B",,,"Y",,,1500,9,"F","A","A","RT 20","WOODRUFF LN",20,"E","N","2013-04-03",9285,"2011-09-25",1215,"14744",,"1","9","0","2",,"2","062","C","Y","YUB",3,20,"-","R",7.77,"H","-","W","N",1,"A","-",22350,,"N","B","H","-","A","D","0","Y","C","02",0,0,2,0,0,0,0,0,2,"-","-","UNINCORPORATED","YUBA","CA",-121.51266,39.21351
"5333540",-121.432723138,39.3051192038,2011,"5800","3","7","3","08",0,1,"A",,,,,,600,9,"E","I","A","LOMA RICA RD","KITTY CAT LN",104,"N","N","2012-12-13",9285,"2011-09-25",300,"17163",,"3","9","0","1",,"2","061","-","N",,0,0,,,0,,,,"Y",1,"A","-",22107,,"N","A","H","-","D","D","0","Y","A","07",0,1,0,0,0,0,0,0,0,"-","-","UNINCORPORATED","YUBA","CA",-121.43242,39.30516
"5333560",-121.530131415,39.1489088417,2011,"5800","5","3","3","03",0,1,"A",,,,,,900,9,"F","A","A","DANTONI RD","SIMPSON DANTONI RD",2640,"N","N","2012-12-13",9285,"2011-09-14",740,"15030",,"1","9","0","3",,"2","004","-","N",,0,0,,,0,,,,"Y",1,"A","-",22350,,"N","A","H","-","A","D","0","Y","A","01",0,1,0,0,0,0,0,0,0,"-","-","UNINCORPORATED","YUBA","CA",-121.53018,39.14928
"5333576",-121.533121564,39.1354718328,2011,"5800","5","1","4","01",0,1,"A",,,,,,2400,9,"E","I","A","DANTONI RD","HAMMONTON SMARTVILLE RD",17,"S","N","2012-12-13",9285,"2011-09-12",2205,"18658",,"3","9","0","3",,"2","004","-","N",,0,0,,,0,,,,"Y",1,"A","-",23152,"A","N","A","H","-","D","A","0","Y","A","01",0,0,1,0,0,0,0,0,0,"-","-","UNINCORPORATED","YUBA","CA",-121.53307,39.13538
"5333584",-121.52369,39.11384,2011,"5800","5","3","4","12",0,1,"A",,,,,,600,9,"E","J","A","GRIFFITH AV","ERLE RD",0,,"Y","2012-12-13",9285,"2011-09-21",515,"18658",,"3","9","0","3",,"2","004","-","N",,0,0,,,0,,,,"Y",1,"A","-",22450,"A","N","A","H","-","B","A","0","Y","A","01",0,0,1,0,0,0,0,0,0,"-","-","UNINCORPORATED","YUBA","CA",-121.52398,39.11383
"5333725",-121.542789556,39.0835745293,2011,"5800","5","1","3","01",0,1,"B",,,,,,2400,10,"E","I","A","14TH ST","POWERLINE RD",16,"W","N","2012-12-27",9285,"2011-10-03",2215,"017163",,"3","9","0","3",,"2","002","-","N",,0,0,,,0,,,,"Y",1,"A","-",23152,"A","N","B","H","-","C","D","0","Y","A","07",0,1,0,0,0,0,0,0,0,"-","-","UNINCORPORATED","YUBA","CA",-121.54299,39.08362
"5335524",-121.542888408,39.077274544,2011,"5800","4","5","4","10",0,1,"A","Y",,,,,900,9,"G","B","C","MCGOWAN PKWY","POWERLINE RD",10,"W","N","2012-12-15",9285,"2011-09-30",745,"015030",,"1","9","0","2",,"1","022","-","N",,0,0,,,0,,,,"N",2,"A","-",21950,"A","N","A","H","-","A","A","0","Y","D","22",0,0,1,0,1,0,0,0,0,"-","-","UNINCORPORATED","YUBA","CA",-121.54305,39.07729
"5335564",-121.575649942,39.1234423887,2011,"5800","3","2","3","03",0,5,"A",,,,,,900,9,"B","C","A","RT 70","FEATHER RIVER BL",473,"S","N","2013-04-03",9285,"2011-09-27",752,"016868",,"1","9","0","1",,"1","020","-","Y","YUB",3,70,"-","R",11.29,"H","-","W","Y",5,"A","-",22350,,"N","A","H","-","A","A","1","Y","A","01",0,1,4,0,0,0,0,0,0,"-","-","UNINCORPORATED","YUBA","CA",-121.54327,38.97825
"5342048",0,0,2011,"5800","5","2","4","01",0,1,"A",,,,,"Y",1800,8,"A","C","A","RIVER OAKS BL","MISSOURI BAR TRL",0,,"Y","2012-12-10",9285,"2011-08-02",1736,"013966",,"2","9","0","3",,"2","002","-","N",,0,0,,,0,,,,"Y",2,"A","-",23152,"A","N","A","H","-","A","D","0","Y","A","01",0,0,1,0,0,0,0,0,0,"-","-","UNINCORPORATED","YUBA","CA",-121.55226,39.02232
"5343818",-121.32414,39.36272,2011,"5800","4","3","4","09",0,1,"A",,,,,,2100,8,"D","C","A","MARYSVILLE RD","WILLOW GLEN RD",0,,"Y","2012-12-04",9285,"2011-08-24",1825,"17393",,"2","9","0","2",,"2","081","-","N",,0,0,,,0,,,,"Y",2,"A","-",21802,"A","N","A","H","-","A","A","0","Y","A","07",0,0,1,0,0,0,0,0,0,"-","-","UNINCORPORATED","YUBA","CA",-121.34402,39.36284
"5344995",-121.59811,39.13961,2011,"5801","0","2","3","01",0,1,"A",,,,,"Y",2400,9,"F","I","A","5TH ST","J ST",0,"W","N","2012-12-12",5801,"2011-09-27",2110,"313","YUBA","5","3","0","0",,"0","5801","-","N",,0,0,,,0,,,,"Y",1,"A","-",23152,,"N","A","H","-","C","D","0","Y","-","-",0,1,0,0,0,0,0,0,0,"-","-","MARYSVILLE","YUBA","CA",0,0
"5344999",-121.586792862,39.1462185827,2011,"5801","0","2","4","03",0,2,"A",,,,,,1200,9,"C","C","A","10TH ST","B ST",0,,"Y","2013-04-08",5801,"2011-09-27",929,"301","SUPER","5","3","0","0",,"0",,"-","Y","YUB",3,20,"-","-",1.32,"I","6","E","Y",2,"A","-",22350,,"N","A","H","-","A","A","0","Y","A","01",0,0,2,0,0,0,0,0,0,"-","-","MARYSVILLE","YUBA","CA",0,0
"5345003",-121.571391633,39.1575577551,2011,"5801","0","2","4","10",0,1,"A","Y",,,,,900,9,"G","B","C","HOUSTON ST","HOUSTON ST 1904",12,"S","N","2012-12-12",5801,"2011-09-13",759,"302","SUPER","5","3","0","0",,"0",,"-","N",,0,0,,,0,,,,"N",2,"A","-",21950,"C","N","A","H","-","A","D","0","Y","A","01",0,0,1,0,1,0,0,0,0,"-","-","MARYSVILLE","YUBA","CA",0,0
"5345011",-121.588869199,39.1576100518,2011,"5801","0","5","2","09",0,1,"A",,,"Y",,"Y",2100,9,"D","D","A","RT 70","EAST 24TH ST",0,"W","N","2013-04-03",5801,"2011-09-30",1923,"313","YUBA","5","3","0","0",,"0","5801","-","Y","YUB",3,70,"-","-",15.35,"I","5","W","Y",2,"A","-",21801,,"N","A","H","-","C","-","0","Y","-","-",1,0,0,0,0,0,0,0,0,"-","-","MARYSVILLE","YUBA","CA",0,0
"5346994",-121.575272956,39.1232102436,2011,"5800","5","4","3","08",0,1,"A",,,,,,2400,10,"D","C","A","FEATHER RIVER BL","RT 70",0,,"Y","2013-05-13",9285,"2011-10-06",2225,"18522",,"3","9","0","3",,"2","002","-","Y","YUB",3,70,"-","R",11.264,"R","4","W","N",2,"A","-",22107,,"N","A","H","-","C","D","1","Y","A","08",0,1,0,0,0,0,0,0,0,"-","-","UNINCORPORATED","YUBA","CA",-121.57736,39.12412
"5347001",-121.499857862,39.2141602225,2011,"5800","4","2","4","05",0,1,"A",,,,,,1500,10,"F","I","A","RT 20","KIBBE RD",4752,"W","N","2013-05-15",9285,"2011-10-11",1330,"14878",,"1","9","0","2",,"2","062","-","Y","YUB",3,20,"-","-",8.48,"H","-","W","Y",1,"A","-",21650,,"N","A","H","-","A","D","0","Y","A","01",0,0,1,0,0,0,0,0,0,"-","-","UNINCORPORATED","YUBA","CA",-121.59044,39.13793
"5347784",0,0,2011,"5800","4","2","4","05",0,2,"B",,,,,,1800,10,"F","A","A","HAMMONTON SMARTVILLE RD","DOOLITTLE DR",10560,"E","N","2013-01-03",9285,"2011-10-04",1550,"13966",,"2","9","0","2",,"1","042","-","N",,0,0,,,0,,,,"Y",1,"A","-",21650,,"N","A","H","-","A","D","0","Y","A","01",0,0,2,0,0,0,0,0,0,"-","-","UNINCORPORATED","YUBA","CA",-121.40093,39.17696
"5347828",0,0,2011,"5800","5","7","3","03",0,1,"A",,,,,,2400,10,"C","C","A","FORTY MILE RD","RT 65",5280,"S","N","2013-01-03",9285,"2011-10-02",2315,"13223",,"3","9","0","3",,"2","002","-","N",,0,0,,,0,,,,"Y",3,"A","-",22350,,"N","A","H","-","D","D","0","Y","A","01",0,1,0,0,0,0,0,0,0,"-","-","UNINCORPORATED","YUBA","CA",-121.51507,39.05035
"5347832",-121.578893192,39.0737052615,2011,"5800","4","6","4","01",0,1,"A",,,,,,1200,10,"E","I","A","FEATHER RIVER BL","MURPHY RD",1056,"S","N","2013-01-03",9285,"2011-10-08",1130,"14825",,"1","9","0","2",,"1","021","-","N",,0,0,,,0,,,,"Y",1,"A","-",23152,"A","N","A","H","-","A","D","0","Y","A","01",0,0,1,0,0,0,0,0,0,"-","-","UNINCORPORATED","YUBA","CA",-121.57892,39.07257
"5348646",-121.5741,39.15726,2011,"5801","0","5","4","10",0,1,"A","Y",,,,,900,9,"G","B","D","EAST 19TH ST","DEL PERO ST",0,,"Y","2012-12-26",5801,"2011-09-02",738,"305","YUBA","5","3","0","0",,"0","00E","-","N",,0,0,,,0,,,,"N",2,"A","-",21950,"A","N","A","H","-","A","D","0","Y","A","01",0,0,1,0,1,0,0,0,0,"-","-","MARYSVILLE","YUBA","CA",0,0
"5354270",-121.589787922,39.1354282098,2011,"5800","3","5","4","03",0,2,"A",,,,,,1500,10,"C","C","A","RT 70","1ST ST",528,"S","N","2013-05-13",9285,"2011-10-28",1420,"15030",,"2","9","0","1",,"1","020","-","Y","YUB",3,70,"-","-",13.98,"H","-","E","N",2,"A","-",22350,,"N","A","H","-","A","D","4","Y","A","08",0,0,2,0,0,0,0,0,0,"NO","-","UNINCORPORATED","YUBA","CA",-121.58507,39.12949
"5354282",0,0,2011,"5800","5","7","4","03",0,4,"A",,,,,,2400,1,"C","C","A","FORTY MILE RD","RT 65",3168,"S","N","2012-12-23",9285,"2011-01-02",2310,"15944",,"3","9","0","3",,"2","002","-","N",,0,0,,,0,,,,"Y",3,"A","-",22350,,"N","A","H","-","D","D","0","Y","A","07",0,0,4,0,0,0,0,0,0,"-","-","UNINCORPORATED","YUBA","CA",-121.51509,39.05035